Area_sqft,Bedrooms,Bathrooms,Age_years,Location,Property_Type,Price
3674,1,2,6,Nashik,Apartment,23295000
1360,3,2,4,Pune,Independent House,17178000
1794,2,2,25,Pune,Apartment,14904000
1630,2,2,9,Kolhapur,Apartment,8858000
1595,3,2,9,Nagpur,Villa,11427000
3592,5,4,5,Nashik,Independent House,26786000
2138,2,2,26,Nashik,Villa,13549000
2669,4,3,27,Pune,Apartment,23224000
966,2,2,18,Nashik,Apartment,5660000
1738,5,3,20,Mumbai,Independent House,30325000
830,5,4,7,Mumbai,Apartment,14760000
1982,4,3,0,Mumbai,Apartment,36523000
2635,2,2,27,Pune,Apartment,22834000
3944,5,4,16,Pune,Independent House,41812000
3671,3,3,6,Kolhapur,Apartment,20435000
3419,1,2,13,Mumbai,Villa,70179000
630,1,1,20,Mumbai,Villa,12339000
2185,1,2,29,Pune,Apartment,17760000
3880,2,1,20,Pune,Independent House,39042000
1269,4,3,16,Nagpur,Independent House,8244000
2891,5,3,8,Mumbai,Independent House,55560000
2015,3,3,16,Mumbai,Apartment,31767000
3985,3,3,4,Pune,Independent House,46727000
3353,2,2,25,Nagpur,Apartment,16501000
2933,1,1,24,Pune,Villa,31496000
1715,2,3,29,Pune,Apartment,14032000
1455,4,3,30,Mumbai,Apartment,21202000
2824,4,3,19,Pune,Independent House,28861000
1684,5,4,28,Pune,Independent House,16677000
959,5,4,7,Nashik,Apartment,7703000
3885,4,4,5,Nashik,Apartment,25838000
521,4,3,10,Nagpur,Apartment,3945000
2800,4,3,30,Mumbai,Villa,48076000
1247,2,2,18,Pune,Independent House,14649000
3404,4,3,3,Pune,Independent House,41023000
974,3,3,17,Kolhapur,Apartment,5890000
1582,1,2,0,Nashik,Apartment,10326000
3058,4,3,12,Nagpur,Independent House,19600000
2547,1,1,13,Pune,Independent House,26866000
3247,2,2,23,Mumbai,Apartment,48924000
1475,1,1,0,Pune,Villa,19791000
2306,2,2,29,Nashik,Apartment,11719000
689,3,3,28,Kolhapur,Apartment,3605000
3505,2,2,10,Kolhapur,Apartment,18896000
3234,2,2,16,Mumbai,Apartment,52161000
3505,5,3,3,Mumbai,Apartment,63600000
1062,4,3,25,Kolhapur,Apartment,6131000
2399,4,4,11,Nashik,Apartment,15295000
1767,3,2,9,Pune,Independent House,18443000
3379,3,3,30,Mumbai,Apartment,47273000
2028,4,4,5,Pune,Apartment,21641000
3702,5,4,24,Mumbai,Apartment,55292000
1146,4,3,0,Mumbai,Apartment,21735000
2568,5,4,6,Nashik,Independent House,18515000
3388,3,2,25,Mumbai,Apartment,49846000
2714,1,1,26,Pune,Independent House,25894000
1797,3,3,20,Mumbai,Independent House,31672000
2935,3,3,27,Nagpur,Apartment,15180000
1100,2,2,30,Nashik,Apartment,6336000
2863,2,2,15,Pune,Apartment,26849000
2561,2,2,23,Kolhapur,Apartment,12058000
741,2,2,13,Kolhapur,Independent House,4735000
2541,5,4,22,Pune,Apartment,23419000
3324,4,3,19,Pune,Apartment,31176000
3917,1,1,19,Nagpur,Apartment,20552000
3112,3,2,5,Nagpur,Apartment,19744000
3445,5,3,21,Kolhapur,Apartment,18128000
1863,1,2,24,Kolhapur,Apartment,8739000
2639,5,3,27,Nashik,Apartment,12790000
1890,5,3,4,Mumbai,Apartment,34810000
3503,3,4,23,Pune,Independent House,34365000
1978,4,2,20,Pune,Villa,22367000
3999,2,3,17,Mumbai,Apartment,62713000
3056,4,3,14,Nashik,Apartment,18496000
1275,3,2,5,Nashik,Villa,11031000
534,3,2,24,Nagpur,Apartment,2589000
2753,3,3,28,Pune,Apartment,22793000
3652,1,1,18,Nashik,Apartment,20791000
2455,4,2,0,Pune,Independent House,30142000
2085,4,4,0,Mumbai,Apartment,39051000
3959,5,3,12,Nagpur,Villa,27709000
3573,5,4,2,Nashik,Independent House,26486000
1521,5,3,9,Kolhapur,Independent House,9701000
3961,3,3,20,Pune,Independent House,40148000
3113,4,4,2,Mumbai,Apartment,57080000
1629,3,2,8,Pune,Apartment,15766000
2000,1,1,7,Mumbai,Villa,42670000
1202,5,4,2,Nagpur,Villa,9584000
2949,3,3,24,Nashik,Apartment,15562000
3277,3,2,30,Kolhapur,Villa,18386000
2079,1,1,12,Pune,Apartment,20306000
661,2,1,5,Nagpur,Apartment,4512000
701,4,4,12,Pune,Apartment,8314000
2481,2,2,22,Kolhapur,Apartment,11604000
1495,5,3,19,Pune,Apartment,14355000
2817,3,3,19,Pune,Apartment,27075000
1315,1,1,11,Mumbai,Apartment,21764000
3842,1,1,12,Kolhapur,Apartment,19770000
955,4,3,1,Pune,Apartment,11030000
1775,2,2,20,Mumbai,Villa,33223000
1516,4,2,23,Nagpur,Apartment,7360000
2843,3,3,22,Mumbai,Apartment,42778000
3267,4,3,15,Pune,Apartment,31795000
837,1,1,22,Mumbai,Apartment,13109000
1378,1,1,5,Mumbai,Independent House,27426000
1576,5,4,18,Kolhapur,Apartment,8306000
1291,5,4,20,Nagpur,Independent House,9475000
2764,3,3,12,Mumbai,Apartment,45393000
1263,2,2,16,Kolhapur,Apartment,6764000
2735,4,3,22,Mumbai,Apartment,41640000
879,3,1,8,Pune,Apartment,9212000
992,5,4,16,Pune,Apartment,11132000
3612,4,3,28,Mumbai,Apartment,51180000
1680,5,4,1,Pune,Apartment,18204000
2562,4,4,18,Kolhapur,Apartment,13272000
564,2,3,18,Nagpur,Villa,4141000
3068,3,2,23,Pune,Apartment,28755000
1867,4,3,6,Nashik,Apartment,12971000
1652,1,2,21,Nagpur,Apartment,8462000
2527,1,1,30,Kolhapur,Apartment,10335000
3195,4,3,9,Kolhapur,Apartment,16447000
1995,4,3,9,Mumbai,Villa,42223000
3634,4,3,26,Nagpur,Villa,22723000
1662,1,1,19,Nashik,Apartment,10175000
2022,1,1,8,Nashik,Apartment,13163000
3140,4,3,16,Pune,Apartment,29944000
891,5,4,26,Pune,Independent House,9517000
2198,5,4,14,Mumbai,Apartment,36647000
918,2,3,1,Pune,Apartment,10023000
2836,3,2,30,Pune,Apartment,24270000
878,5,4,29,Nagpur,Independent House,5817000
2296,1,1,3,Pune,Apartment,23786000
2778,5,3,18,Nashik,Apartment,15609000
3565,2,2,16,Mumbai,Independent House,63173000
2588,2,2,4,Kolhapur,Apartment,14797000
3599,3,2,6,Mumbai,Villa,77337000
2682,5,3,17,Pune,Apartment,25216000
700,1,1,20,Nashik,Independent House,4977000
2363,1,1,21,Nagpur,Independent House,12773000
1279,4,4,26,Kolhapur,Apartment,7300000
3477,1,1,6,Mumbai,Independent House,66766000
3604,3,2,16,Pune,Apartment,33584000
3619,3,3,6,Kolhapur,Villa,24024000
1002,1,1,3,Pune,Apartment,10758000
2954,1,1,7,Nashik,Independent House,21831000
2251,4,3,12,Mumbai,Apartment,38099000
1304,1,1,3,Pune,Villa,16572000
2646,4,4,5,Pune,Apartment,28439000
3231,4,3,24,Pune,Villa,35186000
2395,1,1,4,Nashik,Villa,19824000
3273,2,1,29,Kolhapur,Apartment,14708000
2070,2,2,11,Pune,Independent House,21329000
1460,4,4,3,Nagpur,Villa,11385000
3160,1,1,23,Pune,Apartment,27847000
1985,2,2,28,Mumbai,Apartment,28402000
3190,1,2,8,Pune,Apartment,31259000
1528,1,1,3,Kolhapur,Apartment,8186000
3789,1,2,18,Nagpur,Apartment,18927000
1002,5,4,23,Nashik,Apartment,6650000
3314,1,1,13,Nagpur,Apartment,19221000
897,5,4,4,Nashik,Apartment,7426000
1370,4,4,17,Kolhapur,Apartment,8805000
3342,2,2,9,Nagpur,Villa,24302000
892,2,2,24,Kolhapur,Independent House,5553000
706,2,1,18,Mumbai,Apartment,12345000
1538,2,2,11,Pune,Independent House,17284000
2381,2,2,17,Mumbai,Independent House,41979000
3439,2,2,16,Pune,Villa,40476000
1984,2,2,29,Nashik,Apartment,11231000
1363,4,4,23,Mumbai,Apartment,20980000
3290,1,1,10,Nashik,Villa,24532000
3812,3,3,2,Pune,Villa,50201000
1063,5,4,22,Pune,Independent House,12096000
1520,3,1,16,Mumbai,Independent House,27780000
595,3,3,0,Kolhapur,Apartment,3460000
2423,1,1,14,Mumbai,Apartment,39985000
2257,1,1,27,Mumbai,Apartment,31830000
3032,1,1,8,Nagpur,Apartment,17195000
3978,2,2,14,Nashik,Independent House,25865000
2778,4,3,27,Pune,Apartment,25298000
3296,2,2,23,Mumbai,Apartment,49133000
2178,4,3,27,Pune,Villa,23066000
3742,4,4,28,Kolhapur,Apartment,17603000
1040,3,3,2,Pune,Villa,14716000
1559,3,4,21,Mumbai,Villa,30111000
3072,4,4,26,Pune,Apartment,27167000
1683,4,2,18,Pune,Apartment,15674000
2222,2,2,12,Nagpur,Apartment,12406000
3814,2,1,11,Pune,Apartment,35998000
3657,3,2,19,Pune,Apartment,32680000
2319,1,1,0,Mumbai,Apartment,42946000
3125,4,3,20,Pune,Villa,36354000
3229,2,2,16,Pune,Apartment,30198000
3104,3,3,12,Nagpur,Independent House,20588000
2097,2,2,0,Nagpur,Apartment,13102000
3560,4,3,9,Kolhapur,Apartment,19129000
3193,4,3,14,Nagpur,Villa,22374000
1295,5,4,26,Nashik,Apartment,7984000
1551,1,1,26,Pune,Apartment,13091000
2143,5,4,29,Nagpur,Independent House,13012000
1863,3,2,6,Nagpur,Independent House,12773000
2481,2,2,27,Nagpur,Independent House,14027000
1854,3,2,21,Mumbai,Apartment,29061000
2163,4,3,17,Pune,Apartment,20897000
2029,5,4,15,Nagpur,Villa,14286000
2538,5,4,13,Nagpur,Villa,17759000
3919,5,4,26,Kolhapur,Apartment,18526000
1996,3,2,27,Pune,Independent House,19097000
3802,4,3,17,Pune,Apartment,35615000
2737,2,2,26,Pune,Apartment,23353000
3796,2,2,6,Nagpur,Apartment,23575000
1908,3,3,16,Pune,Apartment,17705000
1900,5,3,28,Pune,Apartment,15746000
1806,1,1,17,Kolhapur,Apartment,9048000
3180,3,2,11,Pune,Apartment,31043000
3175,3,2,7,Nagpur,Independent House,21079000
1472,4,3,21,Mumbai,Independent House,26062000
2268,2,2,30,Nagpur,Independent House,12825000
1782,3,2,29,Nashik,Villa,11146000
3930,3,2,1,Kolhapur,Apartment,21944000
1209,5,3,6,Kolhapur,Apartment,7805000
1979,5,4,3,Pune,Independent House,24480000
1934,1,2,17,Pune,Apartment,19062000
1148,4,3,27,Pune,Apartment,11008000
817,1,1,5,Nashik,Apartment,5370000
3796,5,4,26,Kolhapur,Villa,21604000
1757,2,2,30,Mumbai,Apartment,24354000
1183,5,4,8,Nashik,Villa,10080000
1163,4,3,26,Pune,Apartment,11079000
2498,5,3,8,Nagpur,Independent House,17101000
3945,4,3,13,Kolhapur,Independent House,22192000
2131,4,3,7,Pune,Independent House,24519000
1995,4,3,30,Mumbai,Apartment,28810000
3804,4,3,18,Pune,Apartment,35446000
1636,4,3,2,Nashik,Independent House,13084000
2353,2,1,17,Mumbai,Apartment,37265000
2020,1,1,4,Pune,Apartment,21644000
2989,3,2,13,Mumbai,Apartment,49105000
1063,1,2,27,Pune,Villa,11165000
1791,4,3,29,Mumbai,Apartment,25381000
3957,2,2,3,Nashik,Independent House,28840000
3958,5,5,6,Pune,Apartment,39844000
3684,2,2,19,Nagpur,Apartment,19252000
2136,4,3,24,Nagpur,Independent House,12575000
3499,2,1,27,Mumbai,Apartment,49176000
3652,2,2,11,Pune,Apartment,35107000
1198,4,4,1,Nagpur,Independent House,9591000
2660,2,2,10,Kolhapur,Independent House,15790000
501,3,2,13,Pune,Apartment,5544000
1141,3,2,21,Pune,Villa,13393000
2767,2,3,30,Pune,Independent House,25497000
2089,5,4,22,Nashik,Villa,15987000
1354,4,3,15,Pune,Apartment,13653000
2259,3,3,19,Mumbai,Apartment,34652000
3796,5,3,28,Nashik,Villa,26009000
2932,2,3,5,Nashik,Villa,23775000
3974,5,4,22,Mumbai,Apartment,60028000
2161,1,2,3,Mumbai,Apartment,37758000
1653,3,2,14,Nashik,Apartment,10519000
1576,2,2,23,Pune,Apartment,14045000
2207,4,3,24,Pune,Apartment,20591000
3277,2,1,0,Kolhapur,Apartment,18331000
2195,4,3,6,Pune,Villa,28088000
2233,2,2,24,Nagpur,Apartment,11873000
1939,5,4,30,Kolhapur,Independent House,10920000
2794,5,4,11,Pune,Apartment,28220000
1335,5,3,9,Mumbai,Apartment,23898000
702,1,1,4,Nashik,Apartment,4698000
3755,4,2,11,Kolhapur,Apartment,19912000
622,5,4,17,Kolhapur,Independent House,5273000
900,1,1,9,Nagpur,Villa,6877000
1266,4,3,5,Pune,Apartment,13757000
793,2,2,27,Nashik,Apartment,5317000
2827,1,2,11,Mumbai,Apartment,45646000
3431,3,2,6,Mumbai,Villa,75298000
697,1,2,17,Pune,Independent House,6649000
3529,1,1,1,Pune,Apartment,36745000
2430,4,4,9,Nagpur,Independent House,16333000
3299,2,2,14,Mumbai,Independent House,59586000
2691,3,3,29,Pune,Apartment,23103000
1108,5,4,11,Mumbai,Apartment,19040000
3772,5,4,25,Nagpur,Villa,24142000
1647,1,1,16,Nagpur,Independent House,9662000
686,4,4,3,Pune,Apartment,8378000
3897,4,3,6,Pune,Apartment,40002000
3011,5,3,29,Pune,Apartment,25587000
3920,3,3,8,Kolhapur,Apartment,20805000
2294,2,2,30,Nashik,Independent House,13037000
1159,3,3,18,Mumbai,Apartment,18902000
3311,2,1,27,Nashik,Independent House,19849000
3502,5,3,26,Mumbai,Villa,63367000
2455,2,1,22,Nagpur,Apartment,12183000
2950,4,3,6,Mumbai,Apartment,51938000
1869,1,1,22,Pune,Apartment,16454000
2486,1,1,1,Pune,Independent House,29717000
2034,5,4,5,Mumbai,Apartment,36075000
646,4,3,17,Kolhapur,Independent House,3628000
3719,3,2,5,Pune,Villa,47373000
3411,4,3,12,Nagpur,Apartment,19198000
2234,1,1,25,Nagpur,Villa,13665000
2343,1,2,18,Pune,Villa,26425000
988,4,3,29,Pune,Apartment,9418000
3476,4,3,1,Pune,Apartment,37142000
2459,1,1,11,Nagpur,Villa,17195000
2163,3,3,14,Pune,Villa,26189000
3098,5,3,13,Mumbai,Apartment,51322000
2885,5,3,5,Mumbai,Apartment,51101000
3419,4,3,17,Nagpur,Apartment,19059000
1140,5,3,4,Pune,Villa,15346000
2302,1,2,17,Mumbai,Apartment,36920000
3020,1,1,2,Mumbai,Apartment,53672000
2469,4,4,2,Mumbai,Independent House,49523000
2698,4,3,21,Nagpur,Apartment,14642000
1938,4,4,21,Pune,Independent House,19736000
3869,3,2,9,Nagpur,Apartment,22655000
2134,5,4,18,Nashik,Villa,17327000
762,4,3,2,Nashik,Apartment,5560000
2287,2,2,28,Nashik,Independent House,13686000
2691,2,2,11,Mumbai,Independent House,49199000
2893,1,2,28,Pune,Apartment,24219000
1123,5,4,15,Nashik,Apartment,7361000
1516,4,3,16,Mumbai,Apartment,24563000
1380,2,1,6,Nashik,Apartment,8469000
2549,5,4,12,Pune,Independent House,28845000
3444,1,1,23,Kolhapur,Independent House,18115000
1827,3,3,1,Nashik,Apartment,12692000
2801,5,3,3,Pune,Independent House,32977000
952,5,4,9,Mumbai,Independent House,19985000
3608,3,2,6,Nagpur,Independent House,23487000
1683,5,3,23,Nagpur,Apartment,8419000
3562,1,2,16,Mumbai,Apartment,56558000
2556,1,1,19,Kolhapur,Apartment,11669000
3804,3,3,5,Pune,Apartment,39739000
3670,4,3,18,Mumbai,Apartment,57437000
2182,2,2,4,Kolhapur,Apartment,12519000
3363,4,4,9,Kolhapur,Apartment,19066000
2755,5,4,8,Nashik,Independent House,19548000
1654,2,2,26,Nagpur,Apartment,8177000
903,3,2,12,Pune,Apartment,9313000
2699,3,3,18,Nagpur,Apartment,15531000
2601,2,1,20,Pune,Apartment,23092000
3691,1,1,23,Pune,Apartment,31627000
2196,2,2,5,Pune,Apartment,22975000
1127,5,4,3,Mumbai,Apartment,20891000
1086,1,1,23,Pune,Apartment,9681000
2148,3,3,26,Pune,Apartment,17987000
1943,2,2,2,Pune,Apartment,21782000
1945,4,3,2,Pune,Villa,25526000
603,4,3,3,Nashik,Apartment,4745000
753,5,4,24,Mumbai,Apartment,12315000
3798,4,2,4,Pune,Apartment,40519000
3683,2,2,7,Nagpur,Apartment,20798000
3057,2,2,15,Kolhapur,Apartment,16388000
1996,4,3,21,Nagpur,Apartment,11423000
598,2,2,2,Pune,Independent House,7729000
2700,5,4,30,Nagpur,Apartment,13200000
2384,1,2,23,Pune,Apartment,21132000
3461,5,4,11,Pune,Independent House,38138000
2419,5,4,24,Pune,Villa,27667000
1377,2,2,7,Nagpur,Apartment,7914000
837,1,1,12,Pune,Apartment,8188000
3369,2,1,3,Pune,Apartment,34728000
3734,3,1,13,Pune,Apartment,35296000
1456,2,1,13,Nagpur,Apartment,8678000
2204,2,2,12,Nashik,Apartment,13818000
660,2,3,26,Pune,Independent House,7472000
2103,1,1,5,Nashik,Apartment,12533000
3348,2,2,16,Mumbai,Apartment,53682000
897,1,2,3,Nashik,Apartment,7363000
1800,4,3,7,Pune,Independent House,20837000
1315,3,3,16,Nagpur,Apartment,8728000
2027,1,1,2,Pune,Independent House,23625000
2419,4,3,16,Nashik,Apartment,14105000
1915,1,1,8,Pune,Apartment,18968000
1658,1,1,1,Mumbai,Apartment,30429000
1718,3,2,24,Mumbai,Apartment,25348000
900,5,4,12,Mumbai,Apartment,15725000
1139,5,4,19,Pune,Apartment,11818000
3604,1,1,1,Nagpur,Apartment,21753000
3235,2,2,19,Pune,Independent House,33153000
959,4,3,27,Nashik,Apartment,6086000
1454,2,2,10,Nagpur,Apartment,8866000
969,2,2,26,Nashik,Apartment,5372000
3946,1,1,25,Nagpur,Independent House,21630000
1545,1,1,21,Nashik,Villa,10281000
3297,1,1,14,Mumbai,Apartment,53643000
2193,1,1,10,Nagpur,Apartment,12088000
2585,5,3,22,Pune,Apartment,24190000
2777,1,2,2,Nashik,Villa,22505000
3936,5,4,2,Nagpur,Independent House,27508000
1062,5,4,27,Mumbai,Apartment,16119000
2985,1,1,25,Pune,Apartment,24866000
2299,3,3,11,Mumbai,Apartment,37768000
3854,4,3,23,Nagpur,Apartment,19422000
2574,2,2,4,Kolhapur,Independent House,15786000
725,5,4,19,Mumbai,Apartment,12552000
3848,4,3,6,Nashik,Apartment,25397000
1297,3,3,6,Kolhapur,Independent House,8283000
2831,2,2,12,Pune,Independent House,30255000
3426,2,1,8,Pune,Apartment,33429000
1459,5,4,24,Nagpur,Independent House,9542000
2004,1,1,20,Nagpur,Apartment,11092000
952,3,3,12,Nagpur,Villa,7988000
3567,5,4,11,Mumbai,Independent House,67318000
1315,3,3,12,Pune,Apartment,13701000
1158,1,1,23,Mumbai,Independent House,20199000
1046,1,1,9,Pune,Villa,13206000
1715,5,4,0,Pune,Apartment,19711000
3620,1,1,24,Nagpur,Apartment,17689000
516,4,3,7,Pune,Independent House,6127000
3743,2,2,21,Nagpur,Apartment,18943000
1743,5,4,15,Mumbai,Apartment,28985000
2705,3,3,12,Nashik,Villa,20799000
3024,4,4,2,Pune,Independent House,37156000
1569,5,4,2,Pune,Apartment,17632000
3944,1,2,23,Pune,Apartment,34802000
3065,1,2,4,Kolhapur,Apartment,16521000
2646,1,1,25,Nagpur,Apartment,12845000
2268,1,2,10,Mumbai,Apartment,37314000
1560,3,2,29,Pune,Independent House,14498000
2827,4,3,6,Kolhapur,Apartment,16146000
3920,2,2,20,Pune,Apartment,35178000
3044,3,3,23,Pune,Apartment,27452000
801,3,3,9,Nashik,Villa,7030000
680,2,2,9,Kolhapur,Apartment,3894000
1106,2,2,19,Pune,Apartment,11522000
3670,1,1,1,Pune,Apartment,38480000
1199,3,2,2,Kolhapur,Apartment,7850000
1492,5,4,7,Pune,Apartment,15968000
1639,2,1,30,Pune,Apartment,13914000
690,2,2,10,Nashik,Apartment,5190000
2800,4,3,12,Nagpur,Apartment,16371000
1480,5,4,6,Mumbai,Apartment,25564000
3475,5,3,12,Kolhapur,Apartment,18547000
2506,2,2,1,Nashik,Apartment,17374000
1684,1,1,5,Pune,Apartment,17538000
3827,4,3,8,Kolhapur,Apartment,21004000
3894,5,3,30,Mumbai,Apartment,53669000
627,2,2,19,Pune,Independent House,6493000
2565,5,3,24,Nashik,Apartment,14937000
2316,4,3,1,Pune,Apartment,25409000
2258,4,3,17,Pune,Apartment,22172000
3113,3,3,15,Pune,Villa,36783000
1069,2,2,24,Mumbai,Villa,20237000
1846,4,3,11,Nagpur,Apartment,11189000
2395,3,3,6,Nashik,Apartment,15227000
3233,3,3,6,Kolhapur,Apartment,16700000
1125,5,4,16,Pune,Apartment,11896000
3859,5,4,12,Pune,Apartment,38097000
3401,3,2,10,Pune,Independent House,37267000
2186,5,4,5,Pune,Apartment,22605000
3509,4,3,28,Pune,Villa,37134000
654,1,2,22,Nagpur,Apartment,3520000
3037,4,3,26,Kolhapur,Independent House,16175000
1909,3,2,13,Kolhapur,Independent House,12248000
1284,3,2,5,Pune,Apartment,12652000
3675,4,3,5,Kolhapur,Apartment,20134000
3964,5,4,1,Pune,Apartment,42564000
745,5,4,21,Pune,Apartment,8616000
3747,3,3,19,Nagpur,Apartment,19147000
3610,2,2,24,Nashik,Apartment,20528000
2000,5,4,14,Pune,Apartment,20096000
2205,4,4,27,Mumbai,Villa,40048000
3306,5,3,16,Pune,Apartment,31431000
1037,4,3,28,Nagpur,Villa,6897000
2390,3,2,7,Mumbai,Apartment,41915000
2341,5,4,4,Kolhapur,Independent House,14805000
1420,4,2,16,Pune,Apartment,14134000
2955,3,2,19,Mumbai,Apartment,45693000
1024,2,2,0,Mumbai,Villa,23259000
3375,4,4,21,Mumbai,Apartment,53037000
2029,2,2,17,Pune,Independent House,21425000
3450,2,2,14,Nagpur,Apartment,19288000
535,1,2,4,Nagpur,Apartment,4096000
1184,5,3,6,Kolhapur,Apartment,6749000
519,4,4,17,Nagpur,Independent House,5090000
2868,2,1,5,Nagpur,Apartment,15745000
3059,1,1,21,Nashik,Independent House,18444000
899,3,3,20,Nagpur,Villa,6334000
3201,4,2,4,Pune,Apartment,33786000
1471,2,3,29,Mumbai,Apartment,21164000
2406,5,4,18,Pune,Independent House,25517000
3018,1,1,30,Mumbai,Apartment,41580000
1666,2,2,9,Pune,Apartment,16344000
1615,5,3,14,Kolhapur,Apartment,8399000
3925,2,2,9,Pune,Apartment,39208000
1333,4,4,26,Pune,Apartment,12632000
2323,4,3,15,Mumbai,Apartment,38669000
3274,4,4,11,Pune,Independent House,35919000
2482,1,1,17,Pune,Apartment,23163000
1353,4,3,22,Pune,Apartment,12644000
550,5,3,0,Mumbai,Villa,14230000
1074,2,2,15,Mumbai,Independent House,20165000
3761,3,3,21,Nagpur,Independent House,22034000
1648,5,5,5,Nagpur,Apartment,10823000
2697,5,4,2,Mumbai,Independent House,55362000
2861,4,3,1,Pune,Apartment,31204000
3117,1,1,27,Pune,Apartment,25617000
3913,2,2,1,Nagpur,Apartment,23226000
2852,1,1,29,Pune,Apartment,23154000
2215,2,3,12,Pune,Independent House,25025000
1181,2,1,8,Nagpur,Apartment,7686000
1337,1,2,15,Mumbai,Independent House,23583000
1577,5,4,26,Pune,Independent House,15484000
3550,2,2,4,Pune,Apartment,37320000
2991,1,2,22,Kolhapur,Apartment,13407000
3160,2,2,27,Nagpur,Apartment,15719000
3540,3,3,20,Nagpur,Apartment,18434000
2811,5,3,6,Mumbai,Apartment,50238000
3624,4,3,12,Mumbai,Villa,74407000
2095,2,2,19,Kolhapur,Apartment,10943000
3551,3,3,23,Kolhapur,Apartment,16929000
504,4,3,28,Pune,Villa,6339000
1626,4,4,26,Nagpur,Apartment,7942000
1719,2,2,29,Pune,Independent House,15024000
1273,1,2,25,Pune,Apartment,11003000
1376,2,2,12,Nashik,Apartment,8809000
1491,3,2,26,Mumbai,Apartment,21473000
3431,4,2,25,Kolhapur,Apartment,15512000
3921,2,2,6,Pune,Apartment,40075000
546,1,2,9,Mumbai,Independent House,10916000
3414,2,2,14,Kolhapur,Apartment,17205000
3370,5,4,20,Kolhapur,Villa,21232000
3483,1,2,26,Pune,Apartment,28798000
3203,3,3,5,Mumbai,Apartment,56070000
768,4,3,4,Nashik,Apartment,6736000
869,2,1,22,Pune,Villa,9912000
1135,1,1,27,Kolhapur,Apartment,5257000
1629,5,4,1,Kolhapur,Apartment,11421000
2193,1,1,20,Pune,Villa,23778000
2182,5,5,14,Pune,Apartment,22243000
1156,3,2,25,Pune,Villa,13750000
619,4,3,15,Kolhapur,Apartment,3914000
1330,3,2,30,Pune,Independent House,13097000
2310,2,2,18,Mumbai,Villa,44600000
1581,1,2,8,Mumbai,Independent House,29910000
2474,5,4,28,Nashik,Apartment,14051000
1869,5,4,21,Pune,Apartment,18107000
1240,1,1,28,Pune,Villa,13490000
616,1,1,25,Kolhapur,Apartment,3795000
2353,2,1,18,Kolhapur,Apartment,11524000
3338,3,3,6,Nagpur,Independent House,22851000
1650,5,4,3,Pune,Apartment,18118000
3964,2,2,29,Pune,Apartment,33017000
2431,3,2,2,Nashik,Apartment,16432000
1512,2,2,23,Pune,Apartment,13778000
2164,5,4,28,Kolhapur,Apartment,10828000
1581,1,1,19,Nashik,Independent House,9258000
1133,1,1,10,Pune,Apartment,10683000
1012,3,3,0,Kolhapur,Independent House,7185000
3349,4,3,5,Kolhapur,Villa,22340000
1619,3,2,25,Pune,Independent House,16427000
1641,4,3,10,Mumbai,Apartment,28691000
1059,2,2,26,Pune,Independent House,10627000
987,2,2,0,Mumbai,Apartment,17805000
3808,5,4,20,Pune,Apartment,35657000
1396,4,2,6,Nashik,Independent House,11654000
3843,5,3,30,Kolhapur,Apartment,17397000
1712,1,1,5,Mumbai,Villa,37534000
1203,4,3,13,Pune,Apartment,12499000
1970,3,3,1,Nashik,Independent House,15392000
1080,1,2,26,Pune,Apartment,9342000
3337,1,1,3,Nagpur,Villa,24710000
3408,3,2,10,Mumbai,Apartment,57669000
2794,1,2,14,Pune,Apartment,27644000
3647,4,3,17,Pune,Apartment,33466000
653,5,3,26,Nagpur,Apartment,4311000
2179,1,1,0,Pune,Apartment,22589000
1496,4,4,30,Nagpur,Apartment,8818000
3657,2,3,2,Pune,Apartment,38210000
3244,4,2,2,Pune,Apartment,33755000
3856,5,3,30,Mumbai,Apartment,54329000
1743,4,4,27,Kolhapur,Independent House,10490000
1592,3,2,6,Kolhapur,Independent House,10448000
3618,5,4,0,Pune,Independent House,44030000
1508,2,2,24,Mumbai,Independent House,25369000
2641,3,3,10,Pune,Apartment,27119000
2273,4,3,5,Mumbai,Apartment,39920000
1457,5,4,19,Mumbai,Apartment,23564000
3559,2,2,2,Kolhapur,Independent House,21946000
952,3,3,30,Kolhapur,Villa,5290000
1727,2,2,18,Mumbai,Apartment,27045000
3459,4,3,1,Mumbai,Apartment,63398000
2765,2,2,17,Kolhapur,Apartment,14023000
3021,1,2,29,Nagpur,Apartment,14663000
2979,3,3,11,Pune,Apartment,29500000
2888,2,2,28,Pune,Apartment,24393000
1050,4,4,9,Mumbai,Villa,22724000
2135,4,3,4,Pune,Apartment,22625000
1812,2,3,8,Pune,Villa,23076000
3825,4,3,1,Pune,Independent House,45841000
2257,5,3,1,Nashik,Independent House,17720000
856,5,5,27,Pune,Independent House,9323000
2570,5,3,5,Pune,Independent House,30086000
2285,1,1,28,Pune,Independent House,22731000
3069,2,2,30,Nagpur,Independent House,16727000
2281,1,2,9,Nagpur,Apartment,13327000
3671,4,3,17,Mumbai,Villa,72328000
3349,1,1,11,Mumbai,Independent House,61649000
3751,4,3,3,Kolhapur,Independent House,23566000
3794,4,3,21,Pune,Villa,42657000
3309,3,3,20,Pune,Apartment,29145000
2989,5,4,16,Pune,Apartment,27963000
2131,4,3,14,Pune,Apartment,20631000
3316,3,3,5,Mumbai,Apartment,58304000
1515,5,4,15,Kolhapur,Independent House,9473000
1848,4,3,16,Nashik,Apartment,12294000
1015,4,3,2,Mumbai,Apartment,18316000
3587,1,1,9,Kolhapur,Apartment,18232000
3339,1,2,4,Pune,Apartment,35118000
835,5,4,13,Pune,Independent House,10244000
2282,4,3,25,Nashik,Independent House,14813000
2805,2,2,28,Nashik,Apartment,15774000
996,1,1,20,Pune,Apartment,8738000
1395,5,4,12,Mumbai,Apartment,24030000
2707,4,4,25,Nashik,Apartment,15140000
1351,4,3,5,Nashik,Apartment,8533000
2187,2,2,30,Nashik,Villa,13950000
2431,5,4,11,Pune,Apartment,25100000
3237,4,3,25,Pune,Apartment,28541000
2927,1,1,7,Mumbai,Apartment,50345000
2068,2,1,4,Pune,Independent House,23834000
1456,5,4,29,Kolhapur,Independent House,7940000
3238,2,1,14,Mumbai,Independent House,59082000
3998,1,1,26,Pune,Apartment,33299000
2136,5,4,15,Nagpur,Villa,15625000
1791,2,3,0,Mumbai,Apartment,33040000
1940,3,3,15,Pune,Apartment,19556000
1691,1,1,4,Nagpur,Apartment,10607000
1566,1,1,2,Nagpur,Apartment,8898000
784,1,1,19,Nashik,Villa,5108000
2944,3,2,14,Pune,Villa,35382000
511,3,3,30,Nashik,Apartment,3392000
2130,4,2,12,Nagpur,Villa,15174000
3873,2,2,23,Pune,Independent House,38274000
3824,4,3,15,Pune,Villa,45341000
3046,2,1,22,Kolhapur,Apartment,14311000
1253,3,3,10,Pune,Apartment,13394000
2582,3,2,20,Nagpur,Apartment,13606000
3274,4,3,1,Mumbai,Independent House,67340000
3396,5,4,21,Mumbai,Apartment,51844000
589,4,4,26,Pune,Apartment,6427000
1275,2,2,5,Nagpur,Apartment,8661000
3152,4,3,25,Mumbai,Apartment,45780000
3517,1,1,25,Mumbai,Independent House,56851000
2125,2,2,29,Nashik,Villa,14431000
3569,2,2,26,Nagpur,Independent House,20174000
917,5,4,5,Kolhapur,Villa,7346000
614,3,3,13,Mumbai,Apartment,10435000
1116,2,2,24,Mumbai,Apartment,17309000
3767,3,3,10,Kolhapur,Apartment,20553000
1325,4,3,7,Nashik,Apartment,8628000
2149,1,1,7,Pune,Apartment,20999000
2016,5,3,0,Pune,Independent House,25081000
3646,3,2,20,Nagpur,Apartment,19471000
912,2,1,6,Mumbai,Independent House,17834000
3947,3,3,5,Nashik,Apartment,25869000
3991,2,2,20,Mumbai,Apartment,60589000
1228,3,2,7,Pune,Apartment,11895000
3848,2,2,18,Nashik,Apartment,21798000
3568,4,4,21,Pune,Apartment,32402000
3308,2,2,30,Mumbai,Apartment,45716000
1175,2,1,20,Mumbai,Apartment,17667000
3965,1,2,23,Mumbai,Apartment,57750000
2392,2,2,19,Nagpur,Apartment,12513000
3004,1,2,7,Nagpur,Independent House,19925000
3467,5,4,25,Nagpur,Independent House,20647000
2739,1,2,13,Pune,Apartment,26782000
3286,4,3,30,Pune,Independent House,30041000
1622,1,1,17,Mumbai,Independent House,27976000
2071,5,4,24,Kolhapur,Independent House,11936000
1477,4,3,28,Nagpur,Apartment,8274000
1508,3,3,15,Nagpur,Apartment,9062000
2643,3,1,8,Pune,Independent House,28745000
2187,1,1,14,Mumbai,Apartment,34824000
3210,1,2,29,Mumbai,Villa,55874000
3761,5,4,25,Pune,Independent House,37007000
536,5,4,9,Pune,Apartment,6986000
3940,2,2,28,Kolhapur,Apartment,17488000
2048,5,4,21,Pune,Apartment,19437000
2826,2,2,15,Pune,Apartment,26755000
2764,4,4,3,Pune,Apartment,29868000
3414,1,1,19,Kolhapur,Apartment,16379000
1372,4,3,12,Nashik,Apartment,9175000
2321,5,3,21,Nashik,Apartment,13678000
1796,4,3,4,Kolhapur,Villa,13073000
2609,4,3,21,Pune,Apartment,24115000
1095,4,3,6,Nashik,Villa,9684000
2403,5,4,22,Pune,Villa,27559000
1228,4,4,8,Pune,Apartment,13940000
1865,2,2,7,Nagpur,Independent House,12564000
896,5,3,28,Nagpur,Apartment,5107000
1198,4,3,15,Mumbai,Independent House,22775000
3590,5,4,5,Mumbai,Apartment,62732000
2724,3,3,27,Mumbai,Apartment,38800000
2135,2,3,15,Pune,Apartment,20615000
895,4,4,5,Pune,Apartment,10480000
2992,3,4,30,Pune,Apartment,24274000
3804,3,3,13,Pune,Apartment,36497000
575,5,4,20,Nagpur,Apartment,3975000
764,3,3,0,Pune,Apartment,8679000
3002,2,3,24,Pune,Apartment,26661000
2319,2,2,8,Mumbai,Apartment,40024000
1217,1,1,24,Nagpur,Apartment,6190000
3282,2,2,30,Pune,Apartment,26517000
3955,3,2,26,Pune,Independent House,36942000
1350,2,1,23,Mumbai,Apartment,21019000
1890,5,4,12,Nagpur,Independent House,13158000
643,1,1,25,Nashik,Apartment,3290000
1384,3,2,28,Nagpur,Villa,9195000
3640,1,2,18,Kolhapur,Apartment,17522000
3670,3,3,16,Nagpur,Apartment,19958000
895,5,4,10,Nashik,Apartment,6950000
3596,1,2,27,Mumbai,Apartment,50796000
3495,4,3,27,Pune,Apartment,29679000
3438,3,3,7,Kolhapur,Apartment,18811000
1992,4,3,22,Mumbai,Villa,37762000
3722,1,2,28,Pune,Apartment,31081000
1667,4,3,4,Nashik,Apartment,12503000
3116,4,3,9,Pune,Independent House,34709000
1562,1,2,6,Nashik,Apartment,9253000
2656,5,3,9,Nashik,Independent House,18203000
1565,4,4,3,Mumbai,Apartment,28619000
1709,4,3,8,Nagpur,Independent House,11498000
3482,5,3,26,Pune,Apartment,30320000
2945,4,3,25,Mumbai,Independent House,48643000
3794,4,3,13,Mumbai,Independent House,68811000
1133,4,4,1,Nashik,Apartment,7598000
1656,2,2,24,Nagpur,Apartment,8776000
3734,5,4,8,Mumbai,Apartment,64358000
1738,4,2,20,Nashik,Villa,12609000
1232,5,4,26,Pune,Apartment,10797000
734,3,2,0,Kolhapur,Apartment,5053000
3205,3,3,22,Mumbai,Apartment,49073000
1250,4,3,9,Nagpur,Apartment,8179000
3135,5,3,9,Pune,Apartment,31384000
3580,5,4,19,Pune,Villa,41248000
3645,5,4,24,Mumbai,Apartment,53710000
1453,2,2,21,Nagpur,Independent House,9253000
3039,3,3,28,Mumbai,Apartment,43390000
3460,5,5,2,Kolhapur,Apartment,19341000
3824,5,4,5,Mumbai,Apartment,67308000
3801,2,2,28,Mumbai,Apartment,53924000
2042,2,1,25,Pune,Villa,21754000
1697,5,4,5,Nagpur,Villa,13460000
2176,1,1,20,Pune,Apartment,18880000
1691,5,4,1,Kolhapur,Apartment,10889000
2717,5,4,25,Kolhapur,Apartment,13011000
1916,2,2,25,Kolhapur,Villa,10060000
3493,2,2,17,Mumbai,Villa,68318000
3342,5,3,22,Nashik,Independent House,21798000
3181,5,4,1,Nagpur,Apartment,20120000
1717,5,3,11,Pune,Apartment,18571000
2040,2,1,21,Nashik,Apartment,11727000
2576,5,3,4,Pune,Apartment,27612000
3736,5,3,19,Mumbai,Apartment,58222000
1945,4,4,6,Pune,Apartment,20608000
2886,1,2,23,Pune,Apartment,25016000
2019,3,2,15,Mumbai,Villa,40605000
1888,1,2,19,Mumbai,Independent House,32962000
2356,4,3,0,Nashik,Apartment,15926000
1865,3,2,0,Pune,Apartment,19825000
999,5,4,16,Mumbai,Apartment,16499000
2180,4,4,26,Pune,Independent House,22527000
1010,5,4,0,Nashik,Independent House,8998000
3898,2,2,20,Nashik,Independent House,24589000
716,4,3,19,Nashik,Independent House,4971000
1824,2,1,12,Nagpur,Apartment,10685000
1655,4,3,29,Pune,Apartment,14368000
2327,4,4,8,Nagpur,Apartment,14376000
3641,2,2,14,Mumbai,Apartment,58309000
3823,3,2,2,Mumbai,Independent House,76699000
3986,1,1,13,Nashik,Apartment,23303000
2310,5,4,22,Pune,Apartment,20983000
2992,4,3,10,Nashik,Apartment,19339000
3423,5,3,23,Nashik,Villa,23186000
1705,2,2,21,Pune,Apartment,15777000
2714,5,4,11,Pune,Independent House,30830000
590,2,1,12,Pune,Apartment,5640000
1213,5,4,25,Kolhapur,Apartment,6307000
2381,1,1,12,Nashik,Apartment,14179000
538,1,1,0,Pune,Independent House,6768000
3697,1,1,23,Mumbai,Apartment,54525000
672,1,2,30,Nashik,Villa,4786000
1152,1,1,9,Nagpur,Apartment,7596000
1253,1,1,2,Pune,Apartment,12992000
1743,2,2,23,Pune,Villa,18410000
1581,4,3,27,Kolhapur,Apartment,8310000
2183,5,3,3,Pune,Apartment,24473000
3023,1,1,15,Pune,Independent House,31781000
955,2,2,7,Kolhapur,Apartment,5014000
1328,2,2,15,Nashik,Independent House,9046000
1394,2,2,26,Pune,Apartment,11633000
1884,4,3,16,Pune,Apartment,18651000
2458,5,4,18,Pune,Apartment,22797000
3572,4,3,21,Pune,Independent House,35880000
2934,3,2,14,Kolhapur,Apartment,14607000
2496,2,2,15,Mumbai,Independent House,44944000
2895,3,2,14,Nagpur,Villa,19878000
689,1,2,24,Kolhapur,Apartment,3570000
1004,1,1,1,Mumbai,Apartment,18239000
1714,4,3,10,Pune,Apartment,17144000
2031,5,4,0,Mumbai,Apartment,38251000
3940,3,2,14,Kolhapur,Apartment,19999000
3980,5,4,25,Nagpur,Independent House,22282000
1323,4,3,18,Pune,Villa,17064000
1428,1,1,3,Nashik,Villa,11862000
1433,5,4,10,Nashik,Villa,12015000
1640,5,4,4,Kolhapur,Villa,13002000
633,1,1,2,Pune,Apartment,7761000
2605,3,3,12,Mumbai,Independent House,48303000
1184,1,1,9,Nagpur,Villa,8714000
3219,5,4,10,Mumbai,Apartment,54193000
2720,3,3,17,Mumbai,Villa,53703000
2352,3,2,1,Pune,Apartment,25179000
1314,1,2,6,Pune,Independent House,15223000
1672,5,4,8,Pune,Independent House,19951000
579,4,3,9,Kolhapur,Villa,5054000
3433,5,3,17,Pune,Apartment,32523000
3784,2,2,22,Mumbai,Independent House,62854000
702,4,3,6,Nashik,Apartment,4955000
3311,3,3,26,Pune,Apartment,28161000
1752,4,3,6,Mumbai,Independent House,34564000
2199,3,3,2,Nagpur,Apartment,14408000
1750,3,3,11,Nagpur,Independent House,11044000
2182,4,3,6,Nashik,Apartment,14404000
2055,3,2,16,Nashik,Apartment,12904000
3973,3,2,25,Pune,Independent House,38008000
2594,2,2,0,Kolhapur,Apartment,15097000
1756,5,4,4,Pune,Apartment,19158000
3876,5,4,15,Nagpur,Villa,27090000
2049,2,2,14,Pune,Apartment,19591000
1666,4,3,1,Kolhapur,Independent House,11594000
3986,1,1,8,Nagpur,Apartment,21913000
1896,1,1,30,Nagpur,Apartment,8764000
3830,1,1,6,Pune,Apartment,38733000
3203,2,2,3,Mumbai,Apartment,57137000
970,2,2,19,Nashik,Apartment,6693000
3518,3,3,17,Nagpur,Apartment,18942000
1535,1,1,20,Pune,Apartment,14578000
1853,4,3,3,Kolhapur,Apartment,10697000
3283,4,3,27,Kolhapur,Apartment,15901000
3331,1,2,12,Pune,Apartment,32447000
1467,1,2,0,Nagpur,Apartment,8765000
857,1,1,27,Mumbai,Villa,15571000
3519,2,2,23,Mumbai,Independent House,58464000
3979,2,3,2,Pune,Independent House,47077000
1167,2,2,15,Nashik,Apartment,7164000
872,5,3,29,Nagpur,Villa,6129000
1531,4,3,21,Mumbai,Independent House,27444000
1645,4,2,3,Nashik,Independent House,12599000
1871,3,3,24,Nashik,Apartment,11140000
3223,2,2,22,Nagpur,Villa,20405000
589,5,4,24,Pune,Independent House,7810000
3245,5,4,15,Nagpur,Villa,22458000
3887,4,3,25,Mumbai,Apartment,56746000
3749,2,2,18,Pune,Apartment,35058000
1039,3,3,0,Pune,Apartment,11587000
3279,2,2,4,Mumbai,Apartment,58534000
1368,1,1,18,Kolhapur,Villa,8797000
540,2,2,21,Mumbai,Apartment,8610000
1239,1,1,23,Nagpur,Apartment,5459000
2446,1,1,10,Pune,Apartment,23919000
3049,3,2,12,Mumbai,Apartment,50444000
3506,4,3,19,Kolhapur,Apartment,18016000
3716,2,2,4,Nagpur,Independent House,25567000
1724,1,1,20,Pune,Apartment,15163000
1428,2,2,3,Mumbai,Apartment,26088000
2536,4,3,3,Pune,Apartment,27452000
3008,4,3,3,Mumbai,Apartment,54461000
3279,5,4,3,Nagpur,Apartment,20831000
3299,4,3,19,Nagpur,Independent House,18908000
1424,3,2,20,Pune,Independent House,14769000
3456,1,1,17,Kolhapur,Independent House,18116000
2081,5,4,17,Nashik,Independent House,14368000
3824,3,2,15,Mumbai,Apartment,61842000
889,2,2,8,Mumbai,Villa,19475000
2117,1,1,17,Nashik,Independent House,14190000
3430,4,3,21,Nashik,Villa,24438000
755,1,1,1,Mumbai,Apartment,13132000
1208,2,2,20,Mumbai,Villa,22171000
2338,5,4,3,Pune,Independent House,28289000
2444,5,4,11,Nagpur,Independent House,16251000
2997,5,4,6,Mumbai,Apartment,52248000
509,4,3,14,Pune,Independent House,5545000
3371,3,3,6,Nagpur,Villa,24602000
1297,3,3,28,Kolhapur,Independent House,7003000
3813,1,1,21,Kolhapur,Apartment,18081000
3822,4,4,25,Mumbai,Villa,70090000
1376,5,4,20,Pune,Apartment,14320000
1528,5,4,16,Mumbai,Apartment,24846000
3690,2,1,15,Pune,Apartment,35016000
1515,2,2,27,Kolhapur,Villa,8789000
2324,5,3,30,Pune,Apartment,20153000
873,5,4,18,Pune,Apartment,9008000
3636,4,3,8,Mumbai,Independent House,70226000
2693,3,4,30,Mumbai,Independent House,42429000
723,2,3,13,Nagpur,Apartment,4267000
1762,3,2,16,Mumbai,Villa,35344000
2724,4,3,4,Pune,Villa,35569000
2302,5,4,1,Pune,Apartment,25602000
1352,3,2,19,Mumbai,Apartment,20827000
3853,5,4,15,Pune,Apartment,36967000
562,5,3,13,Nashik,Apartment,4731000
1740,1,2,13,Nashik,Apartment,10570000
3374,3,3,26,Nagpur,Villa,21615000
3342,3,2,0,Kolhapur,Independent House,21754000
1188,5,3,2,Kolhapur,Apartment,7686000
1984,4,4,25,Kolhapur,Apartment,10038000
2133,1,1,6,Pune,Apartment,21769000
2652,5,4,25,Pune,Apartment,23858000
3670,2,2,14,Pune,Apartment,33906000
1010,2,1,18,Kolhapur,Villa,6273000
884,1,1,19,Kolhapur,Villa,4712000
904,4,3,1,Nagpur,Apartment,7100000
3370,5,4,18,Pune,Villa,39212000
1017,3,2,8,Kolhapur,Apartment,5919000
975,1,1,18,Mumbai,Independent House,17574000
2500,4,3,26,Pune,Apartment,22081000
3256,3,3,4,Mumbai,Apartment,57068000
2168,2,2,17,Pune,Villa,25150000
2393,2,2,15,Mumbai,Apartment,38338000
3318,3,3,3,Pune,Independent House,38111000
1960,1,1,11,Mumbai,Apartment,32130000
3594,2,1,28,Nashik,Apartment,18516000
3544,5,4,6,Nagpur,Apartment,21566000
3224,3,3,13,Nashik,Apartment,18935000
1213,3,2,22,Mumbai,Independent House,21506000
582,2,2,11,Nagpur,Apartment,3734000
1668,1,1,2,Kolhapur,Independent House,10429000
3656,5,4,4,Pune,Independent House,43199000
3649,1,1,16,Mumbai,Independent House,64054000
3004,4,4,25,Pune,Apartment,26662000
2401,4,3,9,Pune,Villa,30141000
2548,2,2,9,Nashik,Apartment,15521000
550,2,2,10,Nagpur,Apartment,3923000
1184,2,1,16,Pune,Apartment,12067000
1216,4,3,4,Nagpur,Apartment,8505000
1969,1,2,12,Nagpur,Apartment,11561000
948,1,1,9,Kolhapur,Independent House,5459000
1380,2,2,8,Pune,Apartment,13364000
987,5,4,16,Kolhapur,Apartment,6859000
2323,1,1,0,Pune,Independent House,28646000
2581,4,3,3,Nashik,Apartment,18225000
3919,3,2,3,Pune,Apartment,40774000
2642,3,3,17,Pune,Apartment,24291000
3643,3,2,8,Nagpur,Independent House,23161000
2074,5,3,29,Mumbai,Apartment,29089000
2701,2,1,24,Pune,Apartment,23342000
749,4,3,28,Pune,Apartment,7986000
1173,5,4,28,Nashik,Independent House,7936000
937,4,4,17,Pune,Independent House,10872000
2665,4,3,13,Nagpur,Independent House,17814000
1270,2,2,24,Pune,Apartment,11173000
3877,3,2,14,Pune,Apartment,37947000
767,2,2,5,Mumbai,Apartment,14850000
2484,5,3,23,Mumbai,Apartment,37679000
1577,5,5,9,Mumbai,Apartment,27553000
735,5,4,28,Pune,Apartment,7717000
888,2,2,14,Kolhapur,Apartment,4763000
3537,4,3,28,Nashik,Independent House,20483000
1262,4,4,3,Pune,Apartment,14774000
2348,1,1,17,Mumbai,Independent House,41806000
2948,5,3,17,Nagpur,Apartment,16620000
1123,4,3,24,Pune,Apartment,9976000
3314,1,1,16,Pune,Apartment,30028000
3874,4,3,11,Nagpur,Apartment,22332000
3466,5,3,6,Nashik,Apartment,22458000
3778,3,2,15,Nashik,Apartment,22220000
1752,5,3,10,Pune,Villa,22926000
3400,2,2,13,Pune,Independent House,36792000
1077,4,2,2,Nashik,Apartment,8538000
2622,4,3,18,Pune,Independent House,26979000
934,2,2,17,Mumbai,Independent House,16697000
2650,2,2,29,Mumbai,Independent House,42009000
3993,3,2,9,Pune,Independent House,44581000
1263,4,4,5,Kolhapur,Apartment,8635000
3285,4,2,12,Nagpur,Apartment,18988000
3353,3,4,9,Nagpur,Apartment,20614000
1829,1,2,17,Pune,Apartment,17283000
2645,3,2,25,Pune,Apartment,23529000
3345,5,4,30,Mumbai,Apartment,46978000
1858,4,2,19,Pune,Villa,21647000
3406,2,2,25,Kolhapur,Villa,19788000
2982,5,4,15,Pune,Villa,36629000
946,4,3,24,Mumbai,Independent House,16854000
2517,3,2,24,Mumbai,Villa,46497000
1831,5,3,5,Nashik,Apartment,13374000
748,4,3,12,Pune,Apartment,7084000
665,1,1,3,Mumbai,Apartment,11272000
3531,1,1,22,Pune,Independent House,34857000
1858,2,2,13,Kolhapur,Apartment,9763000
1519,4,3,0,Pune,Independent House,19246000
1041,1,1,27,Kolhapur,Apartment,4821000
1258,3,3,19,Nagpur,Apartment,7586000
3677,4,3,4,Pune,Independent House,42531000
2628,3,3,7,Nagpur,Apartment,16070000
2680,3,3,11,Pune,Apartment,27061000
1296,1,2,1,Kolhapur,Apartment,8101000
3447,4,3,11,Mumbai,Apartment,58673000
637,5,3,4,Pune,Independent House,8633000
2731,1,1,21,Mumbai,Apartment,41336000
3972,1,1,4,Pune,Apartment,39910000
1853,4,3,30,Kolhapur,Apartment,8560000
3332,4,3,12,Pune,Independent House,36406000
2375,3,3,8,Nashik,Apartment,15875000
3531,4,3,9,Mumbai,Independent House,66834000
568,3,3,0,Kolhapur,Independent House,4797000
3093,1,1,29,Pune,Apartment,25241000
2600,2,2,2,Mumbai,Villa,58075000
1973,5,4,29,Mumbai,Independent House,32052000
704,1,1,17,Nagpur,Apartment,3754000
2673,4,2,11,Pune,Apartment,26342000
542,5,4,28,Pune,Villa,6048000
2406,2,2,2,Pune,Independent House,28318000
2658,2,2,25,Nagpur,Apartment,13118000
1260,3,2,24,Pune,Apartment,11212000
3754,5,3,28,Nashik,Independent House,22676000
3395,3,3,29,Pune,Independent House,31892000
2642,1,1,8,Nagpur,Independent House,17034000
2494,5,4,25,Kolhapur,Apartment,12851000
3945,1,1,1,Mumbai,Independent House,79483000
2435,3,2,29,Mumbai,Apartment,34294000
1399,5,4,2,Pune,Apartment,15603000
859,3,3,13,Pune,Independent House,10108000
3447,5,4,3,Pune,Villa,45823000
2219,3,2,24,Nashik,Apartment,13133000
780,2,2,18,Mumbai,Apartment,13214000
3766,3,2,12,Kolhapur,Independent House,21481000
2387,2,2,6,Mumbai,Apartment,41453000
3766,3,2,11,Nashik,Independent House,26119000
1166,5,4,2,Mumbai,Independent House,25044000
592,5,3,22,Mumbai,Apartment,10510000
1171,5,3,22,Pune,Villa,13892000
2469,4,3,8,Mumbai,Independent House,47042000
560,1,2,1,Mumbai,Villa,12420000
3181,5,4,28,Nagpur,Independent House,18104000
3622,2,3,21,Kolhapur,Villa,21609000
3974,5,5,8,Pune,Apartment,40007000
1528,4,3,11,Pune,Apartment,15734000
1989,2,2,30,Mumbai,Villa,34928000
1103,4,4,11,Mumbai,Apartment,18731000
1181,2,2,14,Pune,Apartment,12164000
3081,3,3,1,Nagpur,Independent House,21250000
1928,1,1,17,Kolhapur,Independent House,11190000
3385,1,1,12,Kolhapur,Apartment,16863000
3192,4,3,13,Pune,Villa,38105000
2780,1,2,4,Nagpur,Independent House,18275000
1023,4,3,25,Nagpur,Apartment,5943000
2893,4,2,9,Mumbai,Independent House,54889000
3617,4,2,11,Mumbai,Apartment,60229000
3093,1,1,9,Nagpur,Apartment,17689000
2468,4,4,23,Mumbai,Apartment,37364000
1601,1,2,10,Mumbai,Apartment,26900000
2253,4,3,30,Mumbai,Apartment,31046000
2336,5,4,24,Nashik,Independent House,15317000
3644,4,3,1,Pune,Independent House,43546000
3341,2,2,4,Kolhapur,Apartment,19193000
2796,4,3,29,Nashik,Independent House,16243000
2594,3,2,6,Nashik,Apartment,15928000
1644,4,3,30,Pune,Apartment,14508000
2761,2,2,5,Nashik,Villa,22309000
2786,2,2,21,Pune,Apartment,24434000
1579,1,1,22,Pune,Apartment,13197000
2897,5,4,2,Mumbai,Independent House,59618000
606,4,3,12,Mumbai,Apartment,11648000
3378,1,2,2,Nashik,Villa,26183000
547,5,4,25,Pune,Apartment,5746000
836,4,3,24,Mumbai,Apartment,14071000
1549,3,2,29,Pune,Apartment,13033000
3351,4,3,23,Kolhapur,Apartment,15874000
1780,2,2,20,Nashik,Apartment,10177000
2555,2,2,5,Nashik,Apartment,15983000
1124,3,3,10,Pune,Villa,13620000
2390,1,1,27,Pune,Villa,25419000
1776,5,4,25,Kolhapur,Apartment,8273000
2215,4,4,16,Pune,Apartment,21604000
3266,2,2,9,Mumbai,Apartment,55599000
802,1,1,11,Nashik,Villa,5517000
1138,3,3,16,Pune,Villa,13462000
555,2,2,3,Nagpur,Apartment,4457000
1225,3,3,1,Mumbai,Independent House,25665000
1025,4,3,10,Pune,Apartment,10673000
973,5,5,6,Pune,Apartment,11827000
527,2,2,1,Pune,Apartment,6692000
2625,2,2,25,Kolhapur,Apartment,12285000
3787,4,4,17,Nashik,Apartment,22018000
3957,1,1,20,Pune,Apartment,34994000
864,5,3,3,Pune,Independent House,11320000
3213,2,2,7,Nashik,Apartment,20221000
1025,5,4,19,Nashik,Apartment,7499000
3246,2,2,13,Mumbai,Apartment,52187000
1835,5,4,11,Mumbai,Apartment,30756000
1382,3,3,21,Pune,Apartment,13064000
1530,2,2,20,Nashik,Apartment,8708000
1526,5,4,26,Kolhapur,Apartment,7714000
2146,1,2,29,Pune,Apartment,16841000
1418,3,3,17,Nashik,Apartment,8873000
3297,3,3,10,Mumbai,Apartment,55472000
2910,1,1,30,Mumbai,Independent House,45213000
2274,5,4,28,Pune,Independent House,22166000
2031,4,4,27,Nagpur,Apartment,10688000
3845,1,2,29,Mumbai,Apartment,54162000
3353,5,3,7,Mumbai,Apartment,57578000
3286,1,1,1,Pune,Apartment,34795000
2406,1,1,24,Pune,Apartment,19877000
3586,2,2,14,Pune,Apartment,33617000
1715,5,4,8,Nagpur,Apartment,10405000
2154,4,3,18,Pune,Villa,25671000
984,2,2,19,Nashik,Apartment,5991000
2575,1,1,7,Mumbai,Apartment,44048000
1213,1,1,24,Mumbai,Apartment,17389000
1562,1,1,18,Mumbai,Villa,30234000
2476,5,4,4,Mumbai,Independent House,49317000
1796,5,3,10,Pune,Apartment,18801000
1754,2,2,14,Pune,Independent House,18421000
2633,4,3,7,Nashik,Apartment,17901000
625,2,2,18,Nashik,Independent House,3657000
3359,3,2,22,Pune,Independent House,32926000
1036,1,1,26,Mumbai,Apartment,15908000
2692,1,2,7,Pune,Independent House,30088000
3783,1,1,25,Pune,Apartment,31420000
2572,2,2,26,Pune,Apartment,22098000
2103,2,2,29,Kolhapur,Apartment,9245000
3965,1,2,18,Pune,Independent House,39916000
566,2,1,17,Pune,Apartment,5067000
732,5,4,9,Pune,Apartment,9897000
2656,5,3,28,Pune,Independent House,25372000
1669,2,2,6,Nashik,Apartment,9965000
2658,1,1,27,Pune,Apartment,22928000
2775,2,1,8,Pune,Apartment,28058000
610,2,2,0,Nashik,Apartment,4182000
1993,2,1,18,Pune,Apartment,17927000
2581,3,2,4,Nagpur,Apartment,16107000
1122,5,4,18,Nashik,Villa,9060000
3940,4,3,0,Pune,Independent House,46451000
3295,4,4,14,Nashik,Apartment,21112000
3142,3,3,15,Pune,Apartment,29715000
2972,2,3,22,Mumbai,Apartment,45548000
3160,3,2,6,Mumbai,Independent House,62067000
2041,3,2,25,Pune,Apartment,17424000
3239,1,1,11,Nashik,Apartment,20017000
1805,5,3,7,Nagpur,Villa,13714000
3891,4,3,4,Kolhapur,Apartment,20862000
2261,2,2,9,Nashik,Apartment,14026000
2475,4,4,27,Mumbai,Villa,45058000
2862,4,3,20,Pune,Independent House,29121000
1376,5,4,4,Pune,Apartment,15212000
2489,4,3,16,Mumbai,Independent House,45407000
3948,4,4,25,Mumbai,Apartment,58104000
1812,3,3,4,Kolhapur,Independent House,11283000
1960,5,4,21,Mumbai,Apartment,31084000
3209,1,1,14,Mumbai,Independent House,57847000
2824,2,2,12,Mumbai,Villa,56779000
2233,4,4,27,Nagpur,Villa,14544000
2105,2,3,0,Nashik,Villa,18019000
2026,1,1,10,Nashik,Apartment,12426000
3171,2,1,22,Pune,Apartment,28361000
3063,1,2,0,Nagpur,Apartment,18462000
3921,3,2,10,Pune,Independent House,43370000
3390,4,4,17,Nagpur,Villa,22384000
2897,1,2,17,Mumbai,Apartment,45678000
2130,2,2,20,Mumbai,Villa,41834000
3370,4,3,29,Mumbai,Independent House,52760000
1660,3,3,25,Nashik,Villa,11310000
1258,4,3,15,Pune,Villa,15255000
3446,1,1,12,Nagpur,Apartment,19056000
742,3,3,6,Mumbai,Apartment,13083000
3090,2,3,0,Pune,Apartment,33376000
1563,3,2,25,Pune,Apartment,14333000
728,3,2,15,Mumbai,Independent House,13962000
3095,5,4,0,Mumbai,Independent House,62891000
1419,3,3,16,Mumbai,Villa,29238000
1746,3,3,5,Nashik,Independent House,13571000
505,4,3,1,Mumbai,Apartment,10512000
3893,2,2,16,Kolhapur,Apartment,19457000
967,4,3,5,Nashik,Apartment,7224000
2255,4,3,13,Nagpur,Apartment,13719000
574,1,1,17,Pune,Apartment,6469000
503,4,3,5,Mumbai,Apartment,9295000
2370,5,4,9,Pune,Apartment,25012000
1145,5,4,23,Nashik,Apartment,7410000
617,1,1,17,Nagpur,Independent House,3818000
3428,2,2,26,Pune,Apartment,28339000
2129,2,2,8,Pune,Apartment,21381000
3051,4,2,7,Nagpur,Apartment,17742000
2521,4,3,27,Pune,Villa,26789000
1446,4,4,9,Nashik,Apartment,9373000
3121,2,1,16,Mumbai,Apartment,49243000
1964,3,3,22,Nagpur,Independent House,11572000
693,5,4,29,Pune,Apartment,7017000
1346,3,3,28,Pune,Villa,13802000
3262,3,2,25,Nashik,Apartment,17020000
1915,2,2,5,Kolhapur,Apartment,10892000
3597,3,3,13,Mumbai,Apartment,58514000
1958,1,1,21,Pune,Independent House,19995000
2720,4,3,21,Nashik,Apartment,15902000
3871,1,2,5,Kolhapur,Apartment,21162000
2168,5,3,25,Nagpur,Apartment,12372000
2873,4,2,6,Kolhapur,Apartment,15848000
1933,3,3,11,Pune,Apartment,19123000
1641,5,3,2,Pune,Independent House,20685000
3383,4,3,13,Nashik,Independent House,23402000
2310,3,2,21,Nagpur,Apartment,12218000
1223,1,1,18,Pune,Apartment,11988000
724,4,3,22,Pune,Independent House,7990000
1031,3,2,15,Nagpur,Apartment,6240000
612,1,1,6,Pune,Apartment,6428000
2687,5,4,7,Mumbai,Apartment,46570000
1058,5,4,17,Mumbai,Independent House,19847000
2548,5,4,24,Nashik,Villa,18806000
2637,5,3,12,Nagpur,Independent House,17502000
1153,2,2,20,Mumbai,Apartment,18049000
819,4,3,8,Nashik,Apartment,5982000
2073,4,3,9,Nashik,Villa,16876000
2328,2,2,20,Mumbai,Apartment,36174000
2417,3,2,22,Nashik,Villa,17266000
638,3,2,26,Pune,Villa,7246000
3392,5,3,8,Pune,Apartment,34759000
2526,1,1,14,Pune,Villa,29980000
2806,3,3,19,Pune,Apartment,25381000
1401,1,1,1,Mumbai,Independent House,28402000
1189,4,3,24,Nagpur,Apartment,5764000
2539,1,1,12,Nagpur,Apartment,14313000
509,4,4,1,Nagpur,Independent House,4923000
760,2,2,18,Mumbai,Independent House,14089000
2442,2,3,25,Mumbai,Apartment,35687000
2173,5,3,1,Mumbai,Apartment,40216000
2719,3,2,2,Pune,Apartment,29585000
3445,5,4,5,Pune,Apartment,36812000
2560,4,3,2,Nashik,Apartment,17439000
1691,5,2,30,Kolhapur,Apartment,8278000
2119,1,1,9,Pune,Apartment,21503000
820,4,3,23,Pune,Apartment,7355000
1842,2,1,26,Nagpur,Apartment,9072000
2136,3,2,5,Pune,Apartment,22979000
2876,4,3,22,Nagpur,Apartment,15787000
3332,4,3,15,Nagpur,Villa,23256000
3324,1,1,16,Kolhapur,Apartment,15489000
2494,3,2,18,Mumbai,Villa,48789000
3458,2,2,2,Nashik,Independent House,25076000
2443,4,3,17,Mumbai,Independent House,43798000
2538,4,2,6,Nashik,Independent House,18145000
3990,1,1,8,Mumbai,Independent House,75077000
1618,5,4,19,Pune,Apartment,14754000
2104,2,2,11,Mumbai,Apartment,35750000
2865,3,3,4,Mumbai,Independent House,56610000
735,4,3,2,Nagpur,Apartment,5498000
2469,4,2,10,Nagpur,Independent House,16223000
833,2,2,24,Nashik,Apartment,4441000
2408,5,4,29,Pune,Independent House,22499000
875,4,3,3,Nagpur,Apartment,5701000
1660,2,2,4,Mumbai,Apartment,29162000
3135,1,1,0,Kolhapur,Apartment,17726000
2070,5,4,26,Kolhapur,Independent House,11081000
3060,3,3,27,Pune,Villa,33261000
1819,4,3,30,Nagpur,Apartment,9888000
3891,2,2,28,Pune,Independent House,36513000
3465,1,1,17,Mumbai,Apartment,54128000
2355,3,2,11,Mumbai,Apartment,40197000
1872,2,2,12,Pune,Apartment,18260000
1372,2,1,8,Nagpur,Apartment,8170000
1752,3,2,1,Pune,Apartment,19114000
2817,1,2,4,Pune,Apartment,29403000
2351,1,1,12,Nashik,Independent House,16091000
3345,5,4,15,Nagpur,Independent House,20923000
1814,4,3,15,Kolhapur,Apartment,9593000
1224,3,2,23,Nagpur,Apartment,7093000
3736,3,2,2,Nashik,Apartment,25033000
2552,3,2,21,Mumbai,Apartment,38802000
3398,1,1,3,Pune,Apartment,34329000
3950,4,3,10,Pune,Apartment,39133000
577,5,4,22,Mumbai,Villa,12389000
3981,2,2,25,Nashik,Independent House,24688000
3121,2,2,13,Mumbai,Apartment,50337000
631,3,2,28,Nagpur,Apartment,3505000
1100,4,2,2,Mumbai,Apartment,20248000
2272,1,2,15,Pune,Independent House,24610000
1565,4,3,21,Pune,Apartment,14734000
2636,4,3,14,Nagpur,Apartment,14671000
2949,1,2,27,Nagpur,Independent House,16236000
2843,3,2,30,Kolhapur,Apartment,12461000
2363,4,4,9,Pune,Apartment,23613000
1818,2,2,8,Kolhapur,Apartment,9513000
1115,1,1,10,Pune,Apartment,11938000
3347,5,3,15,Pune,Apartment,32378000
2969,3,2,9,Kolhapur,Apartment,15988000
2388,1,1,16,Pune,Apartment,22040000
1546,5,4,18,Nashik,Apartment,10128000
1074,5,4,1,Pune,Independent House,14049000
2690,4,3,23,Nashik,Apartment,15494000
1492,4,3,22,Kolhapur,Apartment,7899000
3212,4,3,1,Pune,Independent House,38985000
2692,1,1,5,Nashik,Independent House,19125000
1748,1,2,30,Pune,Independent House,15554000
3554,3,3,18,Nashik,Apartment,20368000
1002,4,3,7,Pune,Apartment,10022000
2497,5,4,25,Pune,Independent House,25885000
1320,2,1,28,Pune,Independent House,12957000
2651,3,2,2,Pune,Apartment,27755000
3610,1,1,25,Kolhapur,Villa,20014000
2470,3,4,13,Mumbai,Apartment,40538000
697,3,3,24,Pune,Villa,9063000
2169,3,2,15,Mumbai,Villa,43016000
3126,3,3,0,Pune,Independent House,37719000
2938,2,2,20,Nagpur,Villa,19055000
1702,4,4,2,Kolhapur,Independent House,11930000
3101,5,4,21,Mumbai,Apartment,47769000
1971,3,2,25,Nagpur,Apartment,9362000
3586,3,2,17,Nashik,Apartment,20793000
2146,3,2,8,Pune,Apartment,21385000
2192,4,3,5,Nashik,Independent House,16439000
1812,1,1,22,Mumbai,Apartment,27893000
2535,1,1,20,Nashik,Apartment,13271000
977,2,2,24,Kolhapur,Apartment,4542000
1754,1,2,0,Mumbai,Villa,39609000
1422,3,3,20,Kolhapur,Apartment,7279000
919,3,3,26,Nagpur,Apartment,5637000
2704,3,3,9,Mumbai,Apartment,45981000
3097,2,2,26,Nashik,Independent House,18664000
1620,3,2,5,Pune,Apartment,16797000
3568,1,1,22,Kolhapur,Independent House,18526000
3544,4,3,11,Nashik,Apartment,22478000
3982,4,3,3,Pune,Apartment,41521000
1450,5,3,27,Pune,Villa,16571000
2836,1,1,12,Nashik,Apartment,16991000
1777,3,3,16,Pune,Apartment,17693000
2743,4,3,30,Pune,Apartment,22868000
3145,1,2,26,Mumbai,Apartment,45446000
2357,4,3,7,Pune,Apartment,24422000
1016,3,3,25,Mumbai,Apartment,15482000
2158,4,3,19,Pune,Apartment,20424000
2365,5,4,2,Pune,Apartment,26084000
3412,5,3,11,Nashik,Independent House,23289000
1641,4,4,6,Mumbai,Independent House,33411000
3353,1,1,11,Pune,Apartment,31478000
2432,1,2,1,Pune,Apartment,25409000
3730,1,2,23,Nashik,Apartment,20157000
1314,4,3,13,Pune,Apartment,13648000
2775,1,2,21,Pune,Apartment,25450000
2400,3,2,22,Pune,Apartment,20616000
2763,5,4,29,Nagpur,Apartment,13858000
3495,3,2,4,Nagpur,Apartment,20016000
2562,1,1,8,Nagpur,Apartment,14704000
3728,3,3,20,Nagpur,Villa,24522000
3832,1,2,10,Nashik,Apartment,24131000
3728,4,4,4,Mumbai,Independent House,74012000
2594,3,2,2,Nashik,Independent House,19884000
2871,4,4,26,Pune,Apartment,25367000
3391,4,4,16,Nashik,Apartment,20203000
629,2,2,1,Nagpur,Apartment,3639000
3982,1,1,23,Mumbai,Apartment,58925000
594,5,3,30,Mumbai,Apartment,8640000
3174,1,2,0,Pune,Independent House,38394000
3302,5,4,6,Nashik,Apartment,21732000
2455,1,1,29,Nashik,Apartment,13153000
3863,4,2,13,Nagpur,Independent House,23979000
1293,3,2,4,Pune,Independent House,15634000
2334,3,3,18,Nagpur,Apartment,12992000
3854,2,2,27,Nashik,Independent House,22574000
2616,5,4,27,Kolhapur,Apartment,12444000
2183,5,4,30,Mumbai,Apartment,31440000
510,5,3,10,Mumbai,Apartment,9243000
3825,4,3,22,Nashik,Apartment,20962000
2365,5,3,24,Nagpur,Villa,16213000
3419,3,3,1,Kolhapur,Apartment,19918000
3097,4,3,7,Pune,Apartment,31810000
3705,1,1,8,Pune,Apartment,37545000
1211,5,4,26,Kolhapur,Apartment,6521000
2570,5,3,2,Mumbai,Apartment,47441000
1314,1,1,1,Nashik,Apartment,8860000
845,5,4,6,Mumbai,Independent House,17085000
2849,1,2,4,Pune,Apartment,30301000
862,4,3,20,Nagpur,Apartment,5920000
2943,3,2,25,Nagpur,Apartment,14846000
2765,1,1,4,Pune,Apartment,28767000
2688,2,1,19,Pune,Apartment,24212000
3505,1,1,12,Nagpur,Independent House,22007000
3781,5,3,20,Pune,Villa,41750000
1484,4,3,28,Kolhapur,Apartment,6904000
3540,4,3,19,Pune,Apartment,33090000
2139,1,2,30,Nashik,Independent House,12130000
1327,3,2,28,Kolhapur,Apartment,6547000
3230,2,1,5,Nashik,Apartment,19962000
3551,4,3,19,Mumbai,Apartment,56206000
855,5,4,17,Nashik,Independent House,7353000
3555,5,4,24,Pune,Apartment,31440000
1847,3,2,1,Pune,Independent House,22125000
3704,4,3,24,Kolhapur,Independent House,20031000
3435,1,1,25,Nagpur,Apartment,17779000
2363,5,3,5,Nashik,Independent House,18251000
626,3,2,8,Mumbai,Independent House,13678000
3677,4,3,24,Pune,Apartment,31814000
3556,4,3,2,Pune,Apartment,37411000
1103,4,3,0,Nashik,Apartment,7655000
3949,4,2,0,Nagpur,Apartment,24875000
2428,4,3,18,Mumbai,Apartment,38578000
1513,5,3,4,Nagpur,Apartment,9972000
550,3,3,12,Pune,Apartment,6525000
3600,4,2,18,Mumbai,Villa,70912000
3867,2,2,11,Pune,Apartment,36868000
3868,2,2,15,Mumbai,Apartment,61571000
3326,3,2,24,Pune,Apartment,29408000
1930,1,1,24,Kolhapur,Apartment,8643000
2292,1,1,18,Pune,Apartment,20501000
3361,1,1,2,Kolhapur,Apartment,18999000
2136,2,2,11,Mumbai,Apartment,35020000
3976,1,1,29,Kolhapur,Independent House,18959000
3917,5,3,4,Nashik,Independent House,29028000
2145,4,2,1,Kolhapur,Apartment,12376000
2967,2,3,21,Pune,Independent House,30142000
1705,3,3,6,Nagpur,Independent House,11523000
3530,3,3,12,Kolhapur,Apartment,19155000
3372,4,3,24,Pune,Villa,36777000
3572,2,2,14,Pune,Independent House,38238000
2354,1,2,21,Mumbai,Apartment,36047000
1066,1,1,2,Kolhapur,Apartment,5755000
2918,5,4,27,Mumbai,Apartment,41532000
1435,5,4,20,Mumbai,Apartment,23258000
2434,1,1,19,Pune,Independent House,24609000
3208,3,3,30,Pune,Apartment,26778000
3516,3,2,4,Nagpur,Independent House,23538000
1832,5,3,23,Pune,Independent House,18625000
3708,4,3,7,Nashik,Independent House,27567000
701,1,1,21,Kolhapur,Independent House,3157000
2860,5,3,0,Pune,Apartment,31657000
616,5,4,7,Nashik,Apartment,4872000
1436,1,2,23,Pune,Independent House,14032000
1074,1,2,17,Nashik,Apartment,6293000
2791,3,3,19,Pune,Apartment,25349000
1036,4,3,27,Nagpur,Villa,7457000
2125,4,3,15,Pune,Independent House,23767000
2622,1,1,17,Mumbai,Apartment,41312000
885,2,2,19,Nashik,Independent House,6115000
3781,5,3,11,Pune,Independent House,41318000
974,5,4,12,Nagpur,Apartment,6921000
917,1,1,12,Pune,Apartment,10082000
2894,2,1,9,Nashik,Villa,22110000
3187,3,3,6,Pune,Apartment,32569000
1438,1,1,24,Nashik,Apartment,7572000
1454,1,1,13,Pune,Apartment,13735000
1375,5,4,29,Mumbai,Independent House,21296000
1262,1,1,23,Pune,Apartment,11315000
1702,1,1,15,Nagpur,Apartment,8864000
1705,1,1,14,Pune,Apartment,15392000
1163,5,3,11,Kolhapur,Villa,8929000
524,3,2,8,Kolhapur,Apartment,2937000
2490,3,3,7,Pune,Apartment,25412000
1703,1,2,17,Nashik,Villa,13108000
1209,5,4,22,Pune,Apartment,11136000
2379,3,2,17,Mumbai,Villa,46261000
1684,3,2,12,Nagpur,Villa,12332000
2724,3,2,27,Nashik,Villa,18707000
784,5,3,26,Nashik,Apartment,4509000
562,5,3,17,Pune,Independent House,7174000
1502,1,2,14,Mumbai,Independent House,27599000
1161,4,3,3,Pune,Villa,14923000
3213,3,2,16,Nagpur,Apartment,17990000
2703,4,3,30,Mumbai,Independent House,42933000
1992,5,4,4,Nagpur,Apartment,12794000
3620,5,4,21,Pune,Apartment,33630000
1466,5,3,15,Pune,Apartment,15374000
1348,4,3,8,Pune,Independent House,15969000
1607,5,3,9,Pune,Apartment,16693000
3932,1,1,23,Pune,Apartment,33503000
1188,5,4,17,Nagpur,Villa,9059000
647,2,2,16,Kolhapur,Apartment,3988000
841,4,3,17,Mumbai,Independent House,15567000
3023,2,2,6,Mumbai,Apartment,51303000
1586,5,3,3,Pune,Apartment,18148000
2224,1,1,25,Nagpur,Independent House,12351000
1883,3,2,4,Pune,Villa,24514000
3108,5,5,27,Kolhapur,Apartment,15330000
826,1,1,22,Mumbai,Independent House,14784000
2292,4,3,15,Pune,Apartment,20857000
2259,2,2,2,Kolhapur,Apartment,13043000
3712,2,2,25,Pune,Apartment,31067000
1489,2,2,17,Nashik,Apartment,9212000
2762,4,3,28,Mumbai,Apartment,39724000
2982,1,1,22,Pune,Apartment,26418000
1451,4,3,20,Mumbai,Apartment,22769000
1222,2,2,13,Nashik,Apartment,6780000
3889,5,4,14,Nagpur,Apartment,21875000
2579,3,2,16,Pune,Apartment,24597000
3217,4,3,0,Kolhapur,Villa,23705000
2832,4,3,24,Pune,Independent House,27404000
3876,1,1,20,Pune,Apartment,35000000
928,1,2,16,Pune,Villa,10717000
2000,4,4,22,Pune,Independent House,20762000
785,2,2,24,Pune,Apartment,7005000
3715,3,2,10,Kolhapur,Apartment,19669000
3995,1,1,16,Pune,Independent House,41714000
3590,2,2,25,Pune,Apartment,30142000
2565,5,4,13,Pune,Independent House,28067000
1268,1,1,28,Nagpur,Independent House,7005000
3137,2,2,19,Nagpur,Independent House,19677000
1894,2,2,29,Pune,Villa,19260000
3746,3,2,18,Pune,Apartment,35469000
3557,3,3,20,Pune,Apartment,33275000
693,5,3,6,Pune,Independent House,8970000
3049,2,2,23,Pune,Apartment,26575000
1487,2,3,12,Mumbai,Independent House,27474000
1636,3,3,17,Pune,Villa,19418000
2661,1,1,22,Mumbai,Independent House,43801000
3793,1,1,29,Pune,Apartment,30849000
2201,4,2,13,Kolhapur,Apartment,12555000
1446,3,2,0,Kolhapur,Apartment,8427000
1330,4,2,6,Nashik,Apartment,9070000
2420,3,3,7,Mumbai,Independent House,46105000
3835,5,4,17,Mumbai,Independent House,68366000
3472,2,2,8,Mumbai,Independent House,66248000
554,5,3,0,Nagpur,Apartment,4616000
1299,3,3,28,Mumbai,Apartment,18936000
1277,2,1,21,Nagpur,Independent House,7473000
1981,1,1,16,Kolhapur,Apartment,10052000
2401,1,1,18,Pune,Apartment,21866000
2709,4,3,26,Nashik,Independent House,16857000
3951,3,2,5,Pune,Independent House,45493000
2634,3,2,2,Pune,Apartment,28556000
554,1,2,23,Mumbai,Villa,10930000
2323,5,4,4,Pune,Apartment,25087000
1701,2,3,1,Nagpur,Villa,14135000
3962,5,4,19,Pune,Apartment,36868000
3920,5,4,24,Mumbai,Apartment,59045000
3579,1,1,3,Nashik,Villa,28985000
1332,1,1,9,Nashik,Apartment,7414000
812,1,1,9,Mumbai,Independent House,16144000
3306,4,3,23,Nagpur,Independent House,19276000
2358,5,3,20,Nashik,Villa,17327000
2507,3,2,10,Mumbai,Villa,52816000
2506,2,2,26,Pune,Apartment,21267000
2990,4,3,15,Mumbai,Independent House,54239000
2290,3,2,25,Nagpur,Apartment,11476000
827,5,3,28,Nashik,Apartment,6069000
3625,1,1,28,Nagpur,Independent House,19147000
3308,5,3,29,Mumbai,Apartment,46799000
3810,2,2,30,Pune,Apartment,30541000
3800,4,4,16,Pune,Apartment,36127000
3126,4,2,15,Pune,Independent House,33404000
3622,2,2,6,Nashik,Villa,28810000
3554,3,3,15,Nagpur,Apartment,19151000
1787,3,3,2,Pune,Apartment,18563000
3989,4,3,25,Mumbai,Villa,73195000
2643,4,3,15,Mumbai,Apartment,43687000
1611,1,2,7,Mumbai,Apartment,27281000
3649,3,3,29,Pune,Apartment,31120000
1811,2,2,11,Pune,Apartment,18084000
3691,3,2,2,Pune,Apartment,38912000
3361,1,2,16,Pune,Independent House,34687000
3038,4,2,20,Pune,Apartment,27063000
951,4,4,17,Pune,Villa,12478000
2023,1,1,10,Nashik,Independent House,13461000
664,2,2,3,Pune,Independent House,7831000
681,4,3,15,Kolhapur,Apartment,4872000
3016,5,3,16,Pune,Apartment,27933000
1409,4,3,8,Pune,Apartment,14166000
3282,5,4,5,Mumbai,Villa,72262000
1322,1,2,23,Pune,Apartment,11894000
1443,1,2,26,Nagpur,Apartment,7520000
2501,4,3,19,Pune,Apartment,23198000
2554,3,2,24,Kolhapur,Apartment,13395000
829,5,4,1,Kolhapur,Apartment,5789000
1274,2,1,8,Mumbai,Apartment,21829000
2698,4,4,27,Mumbai,Apartment,38876000
3656,2,2,20,Nashik,Apartment,20624000
646,4,3,28,Mumbai,Apartment,10411000
3952,3,3,5,Nashik,Independent House,29122000
1414,3,3,2,Pune,Apartment,14765000
2071,3,3,19,Pune,Apartment,19217000
1808,3,2,5,Mumbai,Apartment,32246000
3247,1,2,6,Mumbai,Apartment,56354000
581,1,1,0,Kolhapur,Villa,4298000
1013,5,4,22,Pune,Apartment,10416000
2420,2,1,0,Nagpur,Independent House,16338000
3362,4,3,4,Pune,Villa,44573000
3256,4,3,5,Mumbai,Independent House,64592000
2439,1,2,12,Pune,Apartment,22899000
1245,4,4,1,Mumbai,Apartment,22893000
3570,1,1,14,Pune,Independent House,37058000
1909,5,4,14,Mumbai,Apartment,32232000
1206,2,2,12,Nagpur,Independent House,7284000
970,5,4,25,Mumbai,Independent House,16859000
3690,3,3,24,Mumbai,Independent House,61235000
895,3,2,13,Nagpur,Apartment,5558000
2055,3,3,25,Nagpur,Independent House,12077000
2808,5,3,21,Mumbai,Independent House,47826000
1304,4,4,6,Pune,Independent House,16096000
1433,2,2,13,Kolhapur,Apartment,7355000
1779,3,2,30,Nashik,Apartment,9406000
2257,3,3,25,Pune,Apartment,19978000
1404,3,2,30,Pune,Apartment,12035000
3797,2,2,23,Nagpur,Apartment,19202000
1576,3,3,26,Pune,Villa,16907000
3487,2,2,30,Kolhapur,Apartment,15026000
2390,3,3,28,Pune,Independent House,22712000
2023,5,4,9,Nagpur,Apartment,11957000
3401,5,4,16,Mumbai,Apartment,54531000
1887,2,1,13,Mumbai,Apartment,31107000
1803,5,4,7,Kolhapur,Apartment,10102000
1092,2,1,3,Mumbai,Villa,25039000
3261,5,3,25,Mumbai,Apartment,48853000
3729,5,3,15,Pune,Independent House,39228000
3179,2,2,23,Pune,Apartment,28516000
2606,4,4,12,Pune,Villa,32048000
627,5,3,30,Nashik,Apartment,4567000
1235,3,3,21,Pune,Apartment,11441000
3268,4,4,26,Pune,Apartment,28838000
3686,2,1,24,Mumbai,Apartment,54292000
3780,4,3,26,Nashik,Apartment,20132000
3073,1,2,19,Nagpur,Villa,19382000
1020,1,1,17,Pune,Independent House,9934000
3099,5,3,13,Pune,Independent House,34008000
736,5,3,17,Kolhapur,Apartment,5044000
1804,3,3,4,Pune,Apartment,19561000
3930,4,3,25,Nagpur,Apartment,19885000
3772,1,1,8,Nagpur,Villa,26201000
2281,5,4,27,Nagpur,Independent House,13056000
1801,4,3,2,Pune,Villa,24916000
3806,5,4,7,Nagpur,Independent House,25282000
3041,5,4,19,Nagpur,Apartment,16924000
2551,1,1,21,Nashik,Apartment,13558000
3213,1,1,9,Pune,Apartment,31776000
941,5,4,21,Pune,Apartment,9372000
2576,2,2,18,Pune,Apartment,24276000
3680,5,5,29,Mumbai,Apartment,52759000
3157,5,3,20,Nashik,Independent House,20318000
1304,3,2,27,Mumbai,Villa,23719000
574,3,3,2,Mumbai,Independent House,12011000
3385,3,3,10,Mumbai,Villa,70260000
3717,2,2,30,Nashik,Apartment,18533000
2675,2,1,10,Kolhapur,Apartment,14115000
2589,5,4,30,Pune,Independent House,24682000
1879,3,2,16,Mumbai,Apartment,30347000
540,2,2,15,Pune,Apartment,5439000
3481,1,2,6,Nashik,Apartment,22427000
2581,5,4,3,Nagpur,Apartment,16526000
3588,4,3,29,Kolhapur,Apartment,16587000
2200,5,3,22,Pune,Apartment,19408000
3724,4,4,18,Kolhapur,Apartment,16771000
3545,3,3,11,Pune,Independent House,39062000
1901,4,3,14,Nashik,Apartment,11340000
1087,3,3,30,Pune,Apartment,9468000
2122,1,1,10,Kolhapur,Apartment,10886000
841,4,4,4,Mumbai,Apartment,16647000
2574,5,4,4,Nashik,Independent House,19719000
3858,3,4,14,Nagpur,Independent House,24125000
1145,5,4,28,Pune,Independent House,12247000
1230,2,2,17,Pune,Apartment,11943000
667,3,3,10,Nagpur,Apartment,4353000
1109,4,4,25,Pune,Apartment,11051000
2815,3,3,11,Pune,Apartment,27302000
2272,5,3,1,Mumbai,Apartment,41990000
2540,1,2,19,Nashik,Apartment,13647000
3368,3,3,14,Pune,Apartment,32405000
954,4,3,19,Pune,Independent House,10690000
3453,2,2,3,Pune,Apartment,36825000
2208,1,1,21,Mumbai,Independent House,36553000
3972,2,2,17,Kolhapur,Apartment,19175000
3469,3,3,5,Kolhapur,Apartment,19628000
3528,5,4,22,Nashik,Villa,25168000
1201,5,4,26,Pune,Villa,13955000
3181,4,3,25,Kolhapur,Apartment,14598000
2099,5,4,18,Mumbai,Apartment,33426000
629,1,2,10,Pune,Apartment,7119000
3567,5,4,27,Kolhapur,Apartment,16735000
2345,4,2,23,Nagpur,Independent House,14007000
1886,3,3,1,Nagpur,Villa,14874000
3366,3,3,26,Nagpur,Independent House,18223000
1192,5,4,7,Pune,Apartment,13662000
3863,2,2,28,Pune,Independent House,36104000
1894,3,3,10,Nashik,Apartment,13379000
1293,5,5,4,Pune,Villa,17420000
528,4,3,17,Mumbai,Villa,11756000
648,5,4,22,Nagpur,Apartment,3928000
1819,3,2,29,Nagpur,Apartment,9241000
2558,4,2,17,Mumbai,Apartment,41230000
3223,5,3,13,Nagpur,Apartment,17551000
1636,1,1,21,Nagpur,Independent House,9344000
686,4,2,9,Nashik,Apartment,4816000
3354,1,2,2,Pune,Apartment,34723000
3291,2,2,8,Pune,Apartment,33137000
1750,4,3,2,Pune,Independent House,21891000
1833,1,1,10,Pune,Apartment,17940000
597,3,2,30,Pune,Villa,6838000
554,3,3,11,Pune,Villa,7589000
3170,2,2,11,Mumbai,Villa,65649000
3211,4,3,2,Kolhapur,Apartment,17913000
1257,4,3,20,Pune,Apartment,12721000
905,4,3,6,Nagpur,Apartment,6397000
2616,2,1,13,Nashik,Apartment,15913000
3883,4,3,23,Pune,Apartment,33946000
1812,3,2,27,Kolhapur,Independent House,9301000
2285,1,2,10,Nashik,Apartment,13996000
1250,3,2,6,Mumbai,Villa,26788000
3719,3,2,24,Nagpur,Apartment,17966000
2262,1,1,20,Pune,Independent House,22345000
3815,3,2,9,Nashik,Independent House,26815000
3505,2,2,10,Pune,Independent House,38195000
864,1,1,14,Nagpur,Villa,5545000
2526,3,2,18,Mumbai,Independent House,43964000
981,5,4,15,Nashik,Villa,8166000
2748,3,3,21,Pune,Apartment,24730000
653,2,2,20,Nashik,Apartment,5248000
2024,4,2,27,Nagpur,Apartment,11008000
2620,3,2,19,Mumbai,Apartment,41284000
3260,4,3,11,Nashik,Apartment,20990000
2843,5,4,17,Mumbai,Apartment,45095000
1540,3,3,22,Kolhapur,Apartment,7268000
2164,1,2,12,Mumbai,Apartment,35079000
1740,4,2,4,Nagpur,Apartment,11733000
560,5,4,3,Nagpur,Villa,5206000
1438,1,1,27,Mumbai,Apartment,19967000
2139,1,3,13,Pune,Independent House,22863000
2589,1,1,7,Mumbai,Apartment,44173000
524,1,1,8,Nagpur,Villa,4113000
1562,3,3,24,Pune,Villa,17590000
630,3,2,18,Mumbai,Independent House,11238000
1752,3,2,2,Nagpur,Independent House,12708000
607,5,4,4,Mumbai,Apartment,11637000
671,5,4,20,Nashik,Villa,5881000
1958,5,4,25,Pune,Villa,22282000
601,2,2,17,Pune,Villa,7094000
3413,5,3,0,Nagpur,Independent House,23911000
3071,3,3,7,Pune,Apartment,31636000
2822,3,3,18,Pune,Villa,32176000
2136,2,2,16,Nagpur,Apartment,11583000
3615,2,1,16,Pune,Apartment,33857000
3364,5,4,10,Kolhapur,Apartment,19429000
3504,4,2,30,Kolhapur,Villa,19571000
1540,2,2,1,Pune,Apartment,16877000
829,1,2,5,Pune,Apartment,9042000
2020,3,3,21,Nagpur,Apartment,10447000
511,1,2,13,Mumbai,Independent House,9708000
1841,3,3,2,Pune,Independent House,22189000
715,3,3,11,Nagpur,Apartment,4973000
838,2,1,3,Pune,Apartment,9126000
2299,2,2,11,Nagpur,Independent House,14880000
3208,1,1,12,Pune,Villa,38207000
3652,3,2,1,Pune,Independent House,43413000
2250,1,1,1,Pune,Apartment,23122000
2008,4,3,14,Kolhapur,Villa,13179000
2921,1,2,22,Nashik,Apartment,16760000
3523,5,4,28,Nagpur,Apartment,17942000
1209,1,2,16,Mumbai,Apartment,19386000
1723,5,3,6,Pune,Apartment,19431000
3013,5,4,29,Pune,Independent House,27912000
1612,5,4,27,Mumbai,Apartment,23574000
1791,4,3,13,Nashik,Apartment,12367000
988,1,1,11,Nashik,Apartment,6180000
2061,1,1,29,Pune,Apartment,16799000
546,4,3,16,Kolhapur,Apartment,3099000
3859,3,2,13,Pune,Apartment,37309000
1277,2,1,5,Kolhapur,Apartment,7495000
1539,1,2,18,Pune,Independent House,15365000
1210,2,2,23,Mumbai,Independent House,20435000
900,4,3,5,Pune,Independent House,11073000
2317,3,4,26,Mumbai,Apartment,34179000
3528,3,3,17,Nashik,Villa,25107000
3657,3,3,23,Mumbai,Villa,68668000
749,4,4,4,Mumbai,Independent House,16275000
890,5,2,23,Nagpur,Independent House,5839000
834,5,4,23,Nashik,Apartment,5695000
1128,2,1,5,Nagpur,Villa,8533000
636,5,3,1,Pune,Apartment,7495000
3430,5,3,7,Nashik,Apartment,22085000
3235,3,2,14,Nashik,Apartment,19317000
2021,3,3,14,Mumbai,Apartment,34010000
1326,2,2,10,Mumbai,Villa,28522000
1226,1,1,21,Pune,Apartment,11478000
2000,2,2,21,Pune,Apartment,18257000
3141,2,2,23,Pune,Independent House,30183000
3794,4,3,0,Pune,Apartment,40896000
1489,4,2,17,Nashik,Apartment,9807000
2919,2,2,11,Nashik,Independent House,19351000
1434,2,2,11,Kolhapur,Independent House,8974000
3542,2,2,24,Nagpur,Apartment,18933000
901,5,3,10,Pune,Independent House,11539000
1966,4,3,27,Kolhapur,Apartment,10264000
1114,2,1,7,Nagpur,Apartment,6899000
1796,3,3,27,Mumbai,Apartment,26729000
1682,3,3,6,Nashik,Apartment,10949000
3723,5,3,22,Kolhapur,Independent House,20555000
3542,5,3,20,Mumbai,Independent House,61569000
3167,1,1,1,Kolhapur,Apartment,17724000
2735,1,2,10,Pune,Apartment,27498000
1621,1,1,21,Pune,Independent House,15891000
630,5,4,9,Mumbai,Apartment,11810000
3352,5,3,2,Nashik,Apartment,22747000
1694,5,4,19,Nagpur,Villa,11639000
3483,3,3,28,Kolhapur,Independent House,17663000
3533,5,4,9,Mumbai,Villa,74290000
682,3,2,27,Pune,Apartment,6918000
3530,1,2,26,Nagpur,Independent House,19231000
863,1,2,17,Nashik,Apartment,5006000
538,1,1,13,Pune,Apartment,4944000
3044,2,2,17,Mumbai,Apartment,47823000
1872,2,2,27,Nagpur,Apartment,9750000
3529,4,4,23,Nagpur,Apartment,18752000
1420,4,4,7,Mumbai,Apartment,24976000
3968,4,3,9,Pune,Apartment,39321000
3269,2,2,21,Kolhapur,Independent House,17682000
3732,2,2,12,Nashik,Apartment,22168000
515,4,3,20,Mumbai,Apartment,8897000
992,4,3,7,Pune,Apartment,10975000
1949,5,4,3,Nagpur,Apartment,12949000
1631,4,4,26,Pune,Independent House,16820000
3441,5,4,3,Pune,Apartment,36012000
810,3,3,4,Mumbai,Independent House,15751000
1238,2,2,0,Pune,Apartment,13315000
3741,4,4,16,Nashik,Apartment,23305000
1045,2,2,1,Pune,Villa,15217000
2961,2,2,29,Nashik,Independent House,18071000
750,2,2,7,Pune,Apartment,7938000
1258,3,2,6,Pune,Independent House,13973000
2304,1,1,30,Pune,Apartment,17514000
3712,4,3,14,Kolhapur,Independent House,21078000
1797,1,1,25,Nagpur,Independent House,9862000
3987,1,1,24,Pune,Independent House,38835000
2131,1,1,4,Nagpur,Villa,16205000
2414,2,2,1,Nashik,Apartment,16279000
3610,5,3,6,Kolhapur,Independent House,21985000
1313,2,2,30,Mumbai,Apartment,18081000
528,2,2,7,Nashik,Apartment,3967000
1457,1,1,27,Pune,Apartment,12643000
2532,2,2,6,Mumbai,Apartment,44184000
976,1,2,29,Kolhapur,Independent House,4520000
817,5,4,6,Mumbai,Apartment,15705000
744,4,3,27,Pune,Apartment,7418000
1247,1,2,30,Pune,Apartment,9836000
1196,5,3,13,Nagpur,Apartment,7298000
771,4,3,20,Nashik,Villa,6686000
2271,3,3,17,Mumbai,Apartment,36101000
1762,1,2,5,Kolhapur,Independent House,11634000
2924,1,1,3,Pune,Independent House,34112000
765,3,2,9,Pune,Independent House,8885000
3473,3,3,17,Kolhapur,Apartment,17399000
1420,1,2,11,Pune,Villa,17449000
3930,3,2,15,Pune,Apartment,36729000
839,2,1,24,Mumbai,Villa,15277000
888,4,3,6,Nagpur,Apartment,6503000
3124,4,3,5,Pune,Apartment,32993000
2550,4,2,27,Kolhapur,Apartment,12257000
4000,2,3,4,Nagpur,Independent House,27497000
1665,3,2,2,Pune,Apartment,17712000
875,5,4,11,Nagpur,Apartment,7005000
2533,3,3,30,Mumbai,Apartment,35101000
2871,1,2,14,Mumbai,Villa,57276000
645,4,3,9,Nagpur,Independent House,4222000
2481,3,3,25,Kolhapur,Apartment,11594000
792,5,4,19,Pune,Independent House,9026000
931,1,2,18,Mumbai,Apartment,15028000
1204,2,2,15,Mumbai,Apartment,19793000
3496,2,1,27,Mumbai,Villa,61553000
2498,5,3,10,Mumbai,Apartment,42431000
3132,1,2,7,Pune,Apartment,31279000
898,4,3,2,Nashik,Apartment,5936000
3364,3,3,22,Mumbai,Apartment,50304000
3915,1,1,6,Pune,Apartment,39049000
1463,2,2,22,Nagpur,Apartment,8550000
3711,5,4,28,Nagpur,Apartment,18754000
2734,5,4,6,Mumbai,Apartment,48561000
2541,3,2,13,Pune,Apartment,23936000
2328,5,4,1,Nashik,Apartment,16988000
2608,5,4,9,Pune,Apartment,27443000
1438,1,1,18,Pune,Independent House,13777000
3951,4,4,25,Nagpur,Apartment,19812000
1209,3,3,8,Pune,Independent House,14456000
1306,1,1,15,Pune,Independent House,14138000
1963,4,3,18,Pune,Independent House,20501000
3890,1,1,17,Pune,Apartment,35437000
1825,1,2,8,Pune,Apartment,18057000
3915,5,5,15,Kolhapur,Apartment,20504000
510,4,3,12,Pune,Independent House,7100000
1585,3,2,9,Pune,Apartment,15839000
2368,3,3,24,Pune,Independent House,23901000
2773,4,3,19,Kolhapur,Villa,16856000
3724,5,3,13,Mumbai,Apartment,60897000
3111,2,2,11,Mumbai,Apartment,52079000
1271,1,1,24,Nagpur,Independent House,7662000
2094,5,3,18,Mumbai,Apartment,33950000
2107,4,3,6,Pune,Apartment,21484000
1833,1,1,22,Pune,Villa,19891000
1384,3,2,14,Mumbai,Apartment,23313000
3814,2,2,15,Pune,Villa,44672000
1889,3,2,26,Nashik,Independent House,11135000
3901,4,3,7,Pune,Independent House,44616000
3678,1,1,9,Nashik,Apartment,22128000
725,4,2,30,Pune,Apartment,7643000
1324,1,1,3,Pune,Apartment,14641000
2765,5,4,18,Mumbai,Apartment,44285000
1436,2,2,18,Kolhapur,Apartment,8041000
3300,5,4,30,Mumbai,Apartment,46556000
3053,5,4,27,Nashik,Apartment,17321000
2806,4,3,20,Pune,Apartment,26568000
2411,2,2,26,Pune,Independent House,23179000
2296,1,1,14,Pune,Apartment,21580000
553,1,1,13,Pune,Apartment,4650000
3618,3,2,0,Pune,Independent House,43286000
1226,1,2,15,Pune,Villa,14992000
3236,4,3,9,Nagpur,Apartment,19571000
2044,5,4,18,Pune,Apartment,20004000
3670,5,3,29,Nashik,Apartment,19310000
1543,5,4,21,Mumbai,Villa,29277000
2413,2,2,2,Mumbai,Independent House,48220000
2276,1,1,4,Nashik,Independent House,16187000
2096,4,3,8,Pune,Apartment,21523000
2414,2,2,17,Pune,Apartment,22809000
2966,3,3,10,Nagpur,Apartment,18265000
3237,4,3,15,Nagpur,Independent House,20284000
1349,4,4,1,Pune,Independent House,16829000
2609,4,4,11,Pune,Villa,32300000
3716,5,3,21,Kolhapur,Apartment,18327000
2763,4,3,5,Pune,Apartment,28517000
502,1,1,10,Nashik,Apartment,3362000
659,4,3,26,Mumbai,Independent House,11827000
1280,5,3,7,Pune,Independent House,15575000
3691,4,2,11,Nashik,Apartment,23069000
1392,3,2,28,Mumbai,Apartment,20440000
2530,3,3,26,Pune,Apartment,21054000
3660,5,4,29,Mumbai,Apartment,52294000
2876,1,1,1,Nagpur,Villa,21362000
1079,1,1,8,Nashik,Apartment,6317000
2433,2,1,14,Pune,Independent House,25335000
1880,5,3,1,Mumbai,Apartment,35046000
1790,4,3,28,Nagpur,Independent House,10303000
2140,5,3,0,Nagpur,Apartment,13259000
1451,2,3,9,Nashik,Independent House,10762000
3894,5,3,1,Pune,Apartment,41100000
3182,5,3,11,Nagpur,Apartment,18742000
1487,2,2,22,Nashik,Apartment,8684000
1718,1,1,7,Pune,Apartment,17772000
1420,4,2,4,Mumbai,Apartment,26593000
3285,2,3,21,Pune,Apartment,28735000
1855,3,2,27,Nashik,Villa,12570000
669,1,2,0,Pune,Apartment,7306000
1020,3,2,14,Nashik,Independent House,7591000
1986,1,1,5,Kolhapur,Villa,13515000
539,4,2,11,Nagpur,Apartment,3733000
2060,4,3,30,Kolhapur,Independent House,10504000
3832,5,3,7,Kolhapur,Apartment,20598000
1918,3,2,12,Pune,Apartment,19480000
1454,1,1,18,Nashik,Apartment,8620000
3797,4,2,26,Mumbai,Villa,69081000
1483,2,2,0,Nagpur,Apartment,9343000
3695,4,4,10,Pune,Apartment,36565000
1474,2,2,19,Kolhapur,Apartment,6936000
537,1,2,0,Nashik,Villa,4963000
2875,4,3,29,Nagpur,Apartment,13808000
1774,4,4,7,Pune,Independent House,21818000
1699,1,2,4,Pune,Independent House,19107000
2125,4,3,16,Nagpur,Independent House,13669000
1413,2,1,29,Pune,Villa,15506000
953,4,3,7,Nagpur,Independent House,7425000
536,3,2,24,Pune,Apartment,5415000
3887,5,3,9,Nashik,Apartment,24222000
2211,2,1,1,Mumbai,Apartment,39269000
3520,3,2,8,Nashik,Apartment,22581000
1295,1,1,23,Nashik,Apartment,7922000
1472,2,2,22,Pune,Apartment,13116000
1092,5,4,2,Pune,Apartment,12093000
1637,5,5,17,Pune,Villa,18834000
3611,1,2,6,Nashik,Apartment,22274000
1824,1,2,14,Mumbai,Villa,36807000
2771,2,1,20,Nagpur,Apartment,15245000
817,4,3,21,Mumbai,Independent House,15120000
2896,1,1,19,Mumbai,Independent House,49962000
2662,4,3,17,Mumbai,Apartment,42279000
3245,3,2,24,Pune,Apartment,28019000
1846,5,4,2,Pune,Apartment,21156000
2091,4,3,27,Kolhapur,Apartment,10197000
3611,5,4,29,Nagpur,Villa,21128000
2389,4,2,22,Pune,Independent House,23773000
2587,3,2,13,Nashik,Apartment,15418000
2496,1,2,23,Nagpur,Apartment,12367000
2272,3,3,1,Mumbai,Apartment,41750000
1812,1,1,13,Pune,Apartment,17294000
1785,1,1,21,Pune,Independent House,17727000
715,5,4,10,Mumbai,Apartment,13877000
3718,3,2,15,Kolhapur,Apartment,18427000
2883,4,3,7,Nashik,Apartment,19702000
3739,3,3,6,Pune,Apartment,37939000
2639,5,4,10,Pune,Independent House,29976000
2900,1,2,2,Nagpur,Apartment,17401000
3118,5,4,16,Nagpur,Villa,21833000
3363,2,2,13,Nashik,Villa,25305000
2204,2,2,5,Nashik,Apartment,14570000
3328,4,3,7,Pune,Apartment,33691000
862,5,3,21,Nagpur,Independent House,5518000
3104,4,3,4,Nagpur,Villa,24867000
3916,4,2,26,Pune,Independent House,37191000
2216,2,2,27,Nagpur,Apartment,11374000
1693,4,3,7,Pune,Villa,21252000
855,2,2,1,Pune,Apartment,9366000
690,1,2,14,Pune,Independent House,7562000
2969,5,4,11,Pune,Villa,37155000
1199,4,3,30,Pune,Apartment,9287000
2554,2,2,16,Mumbai,Villa,50793000
2680,3,2,0,Mumbai,Apartment,48445000
1056,4,2,14,Mumbai,Villa,22221000
1325,1,1,13,Pune,Apartment,12247000
